"D","d18Oc","YEARMARKER","mean.day","se.day","mean.GR","se.GR","year","day_new","day_new_lower","day_new_upper"
150,-0.797,1,274.9689178,0,53.14450663,0,1,364.520146533702,315.970779446683,415.687198067019
750,-0.818,0,286.1954006,0,53.75413661,0,1,370.943770985143,322.382318897536,422.218758354483
1050,-0.906,0,291.8079702,4.972065265,53.9494707,5.922410122,1,377.394771221751,328.490189130147,428.971003864039
1350,-0.921,0,297.4069711,6.568785657,54.07705654,9.368315398,1,383.95985811106,334.569388816112,435.05203783763
1650,-0.96,0,303.0284142,9.914937816,54.09863636,9.650020305,1,390.553135165338,341.845405976977,441.568797081847
1950,-0.826,0,334.3409314,20.16710906,18.06899833,8.369847995,1,416.435057827507,359.681607178264,495.448692362135
2250,-0.78,0,409.9590025,24.32086884,10.03824861,2.695520284,1,453.849992465876,395.36016396765,532.265951805895
2550,-1.054,0,452.6261939,14.45519571,9.347650791,3.031955957,1,494.795780567447,434.336129529158,571.489212209846
2850,-1.335,0,473.2349437,6.880770492,18.15860213,2.471968081,1,514.130190060515,455.193901736973,587.637797002199
3150,-1.37,0,489.3027977,10.11116338,23.23662328,2.845193016,1,529.174345216511,470.162430959943,599.688383605474
3450,-1.66,0,501.6829941,17.01648119,26.63449006,3.890895526,1,542.477171585391,484.613250909935,609.097119233817
3750,-1.624,0,512.7823514,19.31491537,29.46377353,4.817944302,1,566.615083540329,509.764333183017,628.957408877692
4350,-1.693,0,534.6672069,11.21967159,53.75364634,4.095404291,1,573.083812054245,517.125139924971,634.583440157059
4650,-1.798,0,542.5629984,8.393019728,55.38460476,4.24566818,1,579.346522507573,523.779395013514,640.332230002445
4950,-1.805,0,550.8876228,7.475300244,51.57280746,4.336865982,1,586.097858769453,530.770458097761,646.315509175591
5250,-1.601,0,560.9542814,9.571836521,53.25720265,4.605460848,1,592.637242191773,538.150908671849,651.989579880288
5550,-1.464,0,569.6335604,11.15222472,52.87228701,4.723808668,1,599.210567500481,545.414198484904,657.645678552155
5850,-1.723,0,572.3589825,6.430261708,48.49961543,3.955403996,1,606.378116357537,552.627754365212,663.60447963084
6150,-1.734,0,578.5838121,5.959024748,48.59405839,3.646799066,1,613.521187732405,560.161985760908,670.363403956984
6450,-1.346,0,587.3766818,5.574365322,49.53056191,3.404520554,1,620.523711244665,567.452696387083,677.314303895519
6750,-1.489,0,591.9294099,5.073301302,48.9044198,3.151950593,1,627.608984659263,575.049595934225,683.569159811624
7050,-1.735,0,596.1284732,5.068286022,48.26364078,3.046232091,1,634.782525187966,582.381879202325,690.655584344838
7350,-1.688,0,602.1317628,5.116904042,49.29099707,2.947362479,1,641.81758328074,589.712009734073,697.379870326622
7650,-1.262,0,609.5085559,4.063104131,52.70209259,2.549614707,1,648.386547787049,596.449988237434,703.133628028671
7950,-1.454,0,614.3042521,4.70194708,54.55624622,2.568383137,1,654.730648336759,602.952080567232,708.925672569753
8250,-1.405,0,619.8427339,4.715440625,53.32467625,2.537936718,1,661.228930825642,609.783478604781,715.073996455635
8550,-1.362,0,625.8973444,4.62133803,53.51451241,2.635967894,1,667.696804758664,616.122261924089,720.843906052854
8850,-1.252,0,631.4860891,4.196195139,53.83107445,2.718800779,1,674.12532513212,623.062336253243,726.667498280594
9150,-1.265,0,637.9014359,4.230793042,55.4277892,2.991969843,1,680.375280237801,629.363984620699,732.973703579955
9450,-0.98,0,639.1273278,3.579268495,54.85979028,3.250791874,1,686.702761426107,635.816721888772,739.102313978258
9750,-1.015,0,633.8403449,4.011760534,52.94195897,3.676333008,1,699.803300719478,650.175640121535,750.975802939271
10350,-0.981,0,632.636421,5.058911064,80.4340729,4.373415903,1,704.103457757199,654.558846215319,755.223929116764
10650,-0.997,0,630.8295951,6.291347968,56.01841695,5.045921473,1,716.525524579713,667.84707459353,767.431653350835
11250,-0.498,1,687.1806454,7.222927628,52.53732635,5.320726173,2,727.739672144599,678.704146969128,778.376588029869
11550,-0.702,0,760.870408,11.22206836,24.85355263,5.02639622,2,752.438355646419,700.979999230213,803.762973708555
11850,-0.993,0,768.9167308,14.88729576,31.58092792,4.78461565,2,790.198768503943,738.477241145533,842.668165574277
12450,-1.397,0,858.7518793,12.55398841,34.50079384,4.152253028,2,807.32562757391,755.207424356938,859.588389556068
12750,-1.389,0,866.7098811,8.013145555,36.99901736,3.299677199,2,823.250875138159,770.753087754421,876.025360608067
13050,-1.464,0,874.3284576,6.291186298,42.36811073,2.842273104,2,837.072851018956,784.62360249425,889.692347817913
13350,-1.542,0,883.531374,6.442484162,47.94431358,2.718824099,2,849.298918826757,797.171549885605,901.934451966353
13650,-1.412,0,891.3438049,5.127236054,50.79245003,2.177559305,2,860.812100773317,808.070438964969,913.086311933796
13950,-1.411,0,897.639478,5.979147425,52.93682333,2.186622,2,871.842670108327,819.028386649484,923.954586869506
14250,-1.566,0,903.2534541,5.4782511,49.50379089,2.385947344,2,883.653488761116,831.058831489681,935.446513527351
14550,-1.397,0,909.6501158,4.729075097,53.81663814,2.641275492,2,894.515479242343,841.968423994594,946.507492609841
14850,-1.554,0,914.8788647,5.247794493,51.35000672,3.150366008,2,905.926975161028,853.412403594744,958.097687970215
15150,-1.448,0,920.7033107,5.315220528,55.88207899,3.614031408,2,916.431187751268,864.034651489634,968.632623020211
15450,-1.644,0,927.3811933,5.45500503,41.99683106,4.049062217,2,930.498881849439,878.930044235423,982.721216204424
15750,-1.578,0,932.6330955,5.969833595,40.4917724,4.453297399,2,945.05426137152,893.539577816831,996.655706920008
16050,-1.634,0,940.5855812,6.322397636,33.48006511,4.803392359,2,962.808452049585,910.755324288949,1013.81918635142
16350,-1.459,0,947.6390513,7.11372083,33.47840551,4.951357375,2,980.548912120439,929.219766505035,1031.79785143985
16650,-1.339,0,953.3489886,8.205746414,33.46456912,5.292101275,2,998.341285812221,947.352814288568,1049.77227350815
16950,-1.216,0,965.1414533,8.290914675,33.37737511,5.086804456,2,1016.31238440039,965.161538685217,1067.20024327245
17250,-1.272,0,976.6110928,8.683833553,32.83806746,5.316146956,2,1034.55684709773,984.029443075391,1086.17044369851
17550,-1.228,0,951.3613473,12.39517054,33.25613166,4.720742485,2,1052.4151593542,1002.26986511225,1103.11367451165
17850,-1.099,0,841.5234935,16.32647335,33.34028112,3.856055812,2,1070.18917228063,1021.12371384293,1120.6441123473
18150,-1.059,0,828.0853508,15.68832846,51.79306025,3.536666795,2,1081.52552457971,1032.84707459353,1132.43165335084
18450,-0.74,1,901.1284341,18.32268163,45.94352544,3.283646185,3,1083.92804649855,1033.89594091101,1135.10069478329
18750,-0.793,0,869.4849159,22.87800836,51.47212554,3.247169686,3,1088.21092583113,1037.38782953337,1139.75559372942
19350,-1.17,0,787.320886,29.39926664,0.01116243389,3.600226423,3,1117.80395825819,1042.92922764672,1289.76996404335
19650,-1.193,0,680.35338,35.31476408,0.005497684875,3.765325378,3,1147.74545840211,1050.4281878433,1368.32541878448
19950,-1.259,0,638.3223413,35.32419851,0.008795556908,3.979937755,3,1176.83370426416,1056.63935420105,1397.78102632408
20250,-1.352,0,631.1436577,38.92667796,0.0116922383,4.480454123,3,1205.08213918967,1063.99593166849,1415.92305145799
20550,-1.441,0,628.6922077,43.95123473,0.01298863499,5.153204326,3,1231.35789513302,1072.70188917661,1429.18747988264
20850,-1.302,0,628.433086,46.18476548,0.01372765283,5.448307951,3,1256.8271116211,1078.62020366064,1436.28108582276
21150,-1.524,0,627.0527801,46.69291586,0.01419270038,6.092834021,3,1277.9145462784,1088.52240584339,1445.92294233477
21450,-1.467,0,626.6055792,45.7600666,0.01449236662,6.494297157,3,1298.83785525242,1097.34656117356,1452.69265144531
21750,-1.589,0,625.5402686,46.20313659,0.0147434826,7.203101156,3,1319.04492342938,1116.21064022267,1458.81901090349
22050,-1.606,0,625.0800867,44.71940048,0.01563158017,7.427688196,3,1338.67254277411,1124.59861814616,1463.28460565452
22350,-1.631,0,625.2117439,43.25006728,0.01719882434,7.494772443,3,1357.37012185878,1137.19519764018,1469.54338684877
22650,-1.607,0,625.1567011,39.39560093,0.01731076799,7.448816854,3,1375.27139510625,1161.71622585288,1475.2909698789
22950,-1.595,0,624.8358778,38.14987076,0.01746002788,7.173574074,3,1394.78260295978,1193.219961184,1478.72467627062
23250,-1.273,0,626.3791747,38.93310136,0.01766899494,6.025169773,3,1417.70091005308,1257.88107501062,1488.15550845478
23550,-1.184,0,625.9912275,44.23404612,0.01798244291,5.30826398,3,1441.05869393852,1388.92721518252,1491.59401582885
23850,-0.871,0,627.2963814,41.63841957,14.23645272,3.390356092,3,1446.52552457971,1397.84707459353,1497.43165335084
24050,-0.402,1,1025.894812,44.43583775,2.802020113,1.114654794,4,1563.0343111019,1461.22854653953,1691.50103703615
24250,-1.494,0,875.0703133,42.03479919,10.5085107,5.088830968,4,1598.4537918675,1480.14274534014,1728.35991519908
24450,-1.721,0,886.7968112,43.17782169,2.689169e-06,6.434002027,4,1641.81568038304,1534.20667958908,1777.56332452144
24650,-1.737,0,900.0858736,42.07454904,24.1290527,6.758607952,4,1654.78702790856,1546.33075582585,1782.11124455904
24850,-1.834,0,904.5116781,40.37960307,28.9512923,7.171504959,4,1665.43005543663,1558.09213116629,1785.58152921416
25050,-1.588,0,912.3153459,37.27704777,25.84342037,7.062248546,4,1677.50886571394,1569.48493481152,1789.57396645672
25250,-1.712,0,918.610283,35.53973434,26.7230785,7.390225825,4,1689.50991804484,1583.37083506298,1794.25760025245
25450,-1.588,0,927.0649455,35.19176731,26.14806204,7.351332735,4,1701.68196786022,1593.99859020859,1798.96004762439
25650,-1.69,0,934.9588558,34.87219549,25.06509152,7.055490412,4,1714.59556896358,1606.6410416103,1805.05892009185
25850,-1.601,0,1050.70241,38.76857157,25.21924192,6.966754196,4,1727.11284221592,1618.75618565456,1809.53196004041
26050,-1.513,0,1087.423147,43.54931209,21.27741422,6.839910954,4,1742.60732279773,1633.57979336125,1818.58151933169
26250,-1.268,0,1195.758747,42.73232278,14.60418178,5.369185345,4,1766.14541213856,1667.15292380832,1833.32011998507
26450,-0.756,0,1014.091336,43.74902608,7.896134418,3.648597262,4,1811.52552457971,1762.84707459353,1862.43165335084
26650,-0.524,1,1098.734446,41.95204104,8.519920658,1.756910318,5,1869.62091569611,1816.02182744577,1926.68488659685
26850,-0.525,0,1183.047951,43.42946534,8.323729432,1.286249354,5,1928.48365968415,1874.52360202524,1986.08435178013
27050,-0.838,0,1217.330453,42.18210876,13.21928638,1.938625563,5,1965.28064030311,1912.19381085197,2021.19155376666
27250,-1.246,0,1247.745723,38.95279431,17.01777984,3.093227247,5,1994.08232053566,1941.42761701141,2048.84830908785
27450,-1.514,0,1299.040804,37.64254079,17.97459204,3.268312666,5,2021.43245830988,1968.32778805526,2075.39709088249
27650,-1.653,0,1307.038157,35.44490783,22.95282707,3.287182988,5,2042.54170149075,1989.68397899193,2095.98118042692
27850,-1.795,0,1309.726156,33.94203196,51.24700054,3.449353215,5,2051.90388548739,1999.51060750334,2105.12384771715
28050,-1.677,0,1310.833242,31.58070098,57.47097724,3.443712882,5,2060.21747602989,2007.50315968048,2113.27025070356
28250,-1.686,0,1312.997089,28.90844462,62.78491285,3.523459149,5,2067.8194376744,2015.63533350391,2121.0205845616
28450,-1.63,0,1315.302298,25.05420179,67.40246556,3.485955599,5,2074.90193949493,2022.72682575885,2127.8046934395
28650,-1.774,0,1318.826835,21.77785825,71.45588044,3.45364321,5,2081.59253334911,2029.24213332249,2133.93783585294
28850,-1.737,0,1321.598425,18.14980034,75.03596454,3.285767703,5,2087.95253522458,2035.82011489344,2140.61175956378
29050,-1.611,0,1323.945241,14.41800307,78.19102433,3.032305059,5,2094.04653527441,2042.4487000599,2146.63595317015
29250,-1.667,0,1327.825283,11.28131332,80.98416436,2.794703615,5,2099.93175098375,2048.5820249674,2152.75847203622
29450,-1.496,0,1328.858746,10.61371609,30.33611113,2.347936016,5,2115.73073267912,2064.79580787435,2168.00989758403
29650,-1.409,0,1336.932541,12.89908224,84.73016884,2.041928409,5,2121.35358890829,2070.51334758898,2173.57949298387
29850,-1.114,0,1288.008134,16.75002643,61.20864983,2.030471198,5,2129.13961779138,2078.3114246096,2180.82792385608
30050,-1.148,0,1273.717741,19.01447564,28.51266136,2.529648955,5,2145.95195032648,2095.89577192306,2196.78698488506
30250,-0.943,0,1238.160234,23.12820372,34.41206505,2.87018608,5,2159.92051940536,2109.60350915376,2210.39747248125
30450,-0.837,0,1233.451822,28.26876607,28.97265623,3.06227483,5,2176.52552457971,2127.84707459353,2227.43165335083
30650,-0.832,1,1234.231378,35.88611165,20.95601089,3.021951401,6,2193.50637901594,2142.43288153035,2246.47251303178
30850,-1.179,0,1557.681874,32.67045881,10.72249878,2.628263003,6,2228.08554163946,2163.60033509723,2292.11376133337
31050,-1.494,0,1420.501893,36.75091656,25.57021637,2.811528708,6,2241.77274324587,2169.76063568371,2308.4727636015
31250,-1.544,0,1397.082174,37.040993,25.55698979,2.563850371,6,2255.52636486161,2175.23962821811,2325.4428725164
31450,-1.609,0,1280.347265,37.16388567,25.54782892,2.754030942,6,2269.25704713771,2179.97761342698,2343.45200166106
31650,-1.71,0,1281.795229,35.93404805,25.54000537,3.124237823,6,2282.99481638971,2183.51890011582,2360.49330552054
31850,-1.777,0,1289.692361,32.40835282,25.53247702,3.383805732,6,2296.80910304007,2187.30745934193,2377.86090678944
32050,-1.747,0,1297.076054,28.61097689,25.52545875,3.554302875,6,2310.66581110056,2191.40382413272,2395.55103945558
32250,-1.672,0,1300.511035,24.33776704,25.51944554,3.529334529,6,2324.56531289898,2195.62528924543,2413.43766184726
32450,-1.782,0,1314.971631,20.40135345,25.51330919,3.563100795,6,2338.45213763835,2198.19731981681,2431.45467228046
32650,-1.735,0,1325.751786,16.67594424,25.50810416,3.459104198,6,2352.27190842815,2199.99918773277,2448.4600663929
32850,-1.762,0,1328.780683,13.89225917,25.50353122,3.437543588,6,2366.08649317913,2203.7448105007,2466.05366825202
33050,-1.727,0,1336.00734,11.37107982,25.49818672,3.217424187,6,2379.93764789592,2207.53262235356,2484.21555400642
33250,-1.411,0,1316.619503,8.005000918,12.37076165,2.749589644,6,2409.473814095,2213.02816834198,2523.3031972901
33450,-1.359,0,1349.599782,11.63538381,0.2525704335,2.853854239,6,2494.31074770796,2437.44265258778,2557.69297583415
33650,-1.07,0,1451.56803,15.93997735,25.4932478,2.599160166,6,2508.00095953984,2453.40955430276,2563.90198541224
33850,-0.917,0,1475.839559,18.9682562,24.16856312,2.793884934,6,2522.52726380084,2470.39010805308,2576.09533404551
34050,-0.873,0,1389.911659,22.85518969,18.77927408,3.0959796,6,2541.52552457971,2492.84707459353,2592.43165335083
34250,-0.798,1,1480.905922,27.52611567,19.48388124,3.593547316,7,2568.49987318992,2517.47907749299,2621.28191567524
34450,-0.826,0,1569.745819,33.12621077,14.8841867,3.621650791,7,2604.74789311081,2551.51295395621,2659.96089909988
34650,-1.21,0,1594.050267,31.82862676,23.97229022,3.324646867,7,2626.43385452581,2572.04244704374,2680.20778776463
34850,-1.521,0,1591.713824,26.61612304,31.53750311,2.826531459,7,2642.69263598483,2589.73554532818,2696.862349124
35050,-1.727,0,1597.961693,27.53147159,31.51572841,2.649257974,7,2658.99214392077,2605.96148795786,2712.99549256538
35250,-1.698,0,1607.540077,29.34559551,31.42499608,2.541567073,7,2675.30278850086,2622.20720667189,2729.08919598635
35450,-1.598,0,1618.634569,31.55956949,30.34149164,3.014491469,7,2692.25972799346,2638.81483770599,2745.75769690521
35650,-1.627,0,1634.253474,32.97543262,34.102809,3.442550134,7,2707.3647795565,2653.4773523485,2759.86203026884
35850,-1.661,0,1640.180168,33.48298804,33.93863779,3.526709243,7,2722.54951966848,2669.4751446312,2775.40624963245
36050,-1.705,0,1646.082792,34.63836286,35.5754596,3.753686828,7,2737.04717843636,2683.97877253915,2790.0832944372
36250,-1.77,0,1649.694466,35.89311708,35.98870256,3.947142441,7,2751.39396620791,2699.24752182252,2804.37498380671
36450,-1.707,0,1657.736869,36.3040779,36.66988884,3.924860965,7,2765.48579669431,2712.88122589368,2817.4812782563
36650,-1.557,0,1662.380871,37.65828177,35.25119077,3.895520923,7,2780.15429440341,2727.63319775225,2832.39278544451
36850,-1.496,0,1665.751707,39.18905875,34.22260377,3.837702071,7,2795.21011401676,2742.77724722991,2846.93418255997
37050,-1.547,0,1667.892368,40.72912044,35.79421637,3.823410893,7,2809.6232601897,2756.99437951379,2861.23802379189
37250,-1.5,0,1579.488118,40.00099498,31.31822817,4.008168113,7,2826.16352088791,2773.49421034329,2877.66846843973
37450,-1.49,0,1600.412176,40.42517137,31.29663955,4.314568362,7,2842.70890995964,2791.53136265677,2894.74758552967
37650,-1.183,0,1626.481896,40.68998516,26.63771001,3.667493189,7,2862.28419947679,2812.1165002482,2914.02200828051
37850,-1.021,0,1665.380897,40.62275594,26.63759663,3.039072681,7,2881.67300115543,2832.17762209574,2932.90221797275
38050,-0.812,0,1525.779404,38.87432778,20.75024922,2.274561136,7,2906.52552457971,2857.84707459353,2957.43165335083
38250,-0.567,1,1529.150351,36.08297361,16.04234668,1.758221227,8,2935.21015947354,2885.81427291736,2986.20398646501
38450,-0.854,0,1562.784858,39.43208747,26.84688599,2.300876627,8,2952.25048796014,2902.6592929267,3003.0748608206
38650,-1.376,0,1601.134714,40.33079116,28.56300891,2.741529856,8,2968.31648078556,2918.26294873508,3019.28041896302
38850,-1.407,0,1631.940281,38.64419161,28.55730149,2.34274938,8,2984.29404209289,2934.32035662114,3034.90005343503
39050,-1.671,0,1653.691548,37.16559767,28.55826907,2.574642836,8,3000.31027972066,2949.92087439104,3050.93904029215
39250,-1.669,0,1653.896494,35.00104473,28.55733693,2.54859439,8,3016.31488534218,2966.3311194021,3067.45224121347
39450,-1.539,0,1658.610897,31.37175847,28.55621342,2.805352563,8,3032.37846359256,2982.79989753536,3084.27512440223
39650,-1.607,0,1649.470346,28.03430366,28.55225404,3.535562914,8,3048.4429379504,2998.3939008514,3100.0142892409
39850,-1.629,0,1658.015331,24.25976737,28.55626927,4.044129701,8,3064.68198012335,3014.0311954495,3117.17933533229
40050,-1.667,0,1663.590688,20.51507586,28.55226807,4.422909422,8,3080.86811791139,3030.74180357422,3133.13129523401
40250,-1.716,0,1674.339459,16.96391012,28.55151261,4.6595693,8,3097.1432592706,3046.08553095173,3149.60121013817
40450,-1.735,0,1682.67296,13.69125959,28.54635907,4.757290052,8,3113.40697780684,3062.33027270239,3165.80133836847
40650,-1.651,0,1686.197534,11.97321378,28.54730691,4.820580661,8,3129.7990638948,3078.0864915275,3182.53902512433
40850,-1.539,0,1699.537109,9.325215638,28.54616064,4.731883974,8,3146.10332168631,3095.17194983216,3198.68896594016
41050,-1.39,0,1708.782178,8.480232711,28.54328035,4.52168298,8,3162.35839094803,3110.11290975552,3215.21283295759
41250,-1.352,0,1716.398091,8.038195204,28.54217782,4.453540194,8,3178.63648696359,3127.57583733228,3231.03453898069
41450,-1.266,0,1704.577658,7.547379379,28.54248781,4.634237289,8,3194.93245050867,3143.34584406542,3246.97218704631
41650,-1.28,0,1714.614858,7.78231425,28.54113899,4.01550577,8,3211.12187903321,3159.27446490867,3263.19440975312
41850,-1.001,0,1715.980905,8.892065115,14.91207907,3.293188625,8,3243.17969466258,3192.99188558952,3293.49109548026
42050,-0.732,0,1737.583032,9.707020442,31.38945954,2.853120472,8,3257.74615244353,3208.54928312178,3308.72228232282
42250,-0.655,0,1737.400818,11.00323161,33.06106426,2.082735963,8,3271.52552457971,3222.84707459353,3322.43165335083
42450,-0.601,1,1752.877401,12.11307479,29.99196156,1.981044777,9,3283.31186720651,3234.47527946763,3334.30154116542
42650,-0.668,0,1862.216203,11.26649025,22.36748329,2.001780076,9,3299.19836637391,3250.05741176121,3350.16654473536
42850,-0.826,0,1929.195187,8.810384706,29.62469507,1.927480619,9,3311.1103603064,3261.63738722641,3361.69281417391
43050,-1.066,0,1924.357995,7.17732693,31.03093068,1.723662391,9,3322.4783445896,3272.65024245523,3372.48827237107
43250,-1.487,0,1928.693064,10.0354121,31.28123521,2.009976859,9,3333.7762851949,3283.50983234671,3384.2207228006
43450,-1.519,0,1947.757953,7.29241667,31.35595402,1.731511443,9,3345.03463159486,3294.55875114978,3395.61440598921
43650,-1.503,0,1962.714404,6.46510792,31.42577602,1.407998953,9,3356.25753034012,3305.93975982108,3406.70469005518
43850,-1.521,0,1970.331145,7.997386824,31.47031653,1.434154268,9,3367.4551532626,3317.08948889598,3418.22796855529
44050,-1.537,0,1977.085301,10.22240793,31.48526981,1.567680105,9,3378.67637637084,3328.72946738894,3429.398524428
44250,-1.28,0,1986.71318,11.30128051,31.65980935,1.636775993,9,3400.99978657648,3350.55486259677,3451.60551454302
44650,-1.72,0,1996.290117,6.939136326,29.810745,1.945668632,9,3412.87163265694,3362.29416059597,3464.18777440137
44850,-1.704,0,2003.55426,6.928301684,33.46176082,2.01478142,9,3423.4407290271,3372.70471173893,3475.0029524756
45050,-1.706,0,2011.089117,7.066202514,32.47237905,1.947880128,9,3434.31309974716,3383.33953279871,3485.65201449021
45250,-1.773,0,2020.57805,15.48561678,30.44978169,2.021892025,9,3445.91023612592,3394.49692582487,3497.29995341185
45450,-1.668,0,2027.001637,20.68612071,29.99947292,2.060558778,9,3457.68298850076,3406.19284575627,3509.00395701147
45650,-1.686,0,2033.691373,20.35626643,28.20715546,2.08085414,9,3470.23631119605,3418.81596179834,3521.2517000164
45850,-1.718,0,2035.990935,21.31786563,23.50254543,2.076435807,9,3485.31822036172,3434.44751006922,3537.21784984851
46050,-1.522,0,2025.82291,24.73308522,16.88877348,2.010782194,9,3506.48317901012,3455.53558208191,3557.39750470346
46250,-1.435,0,2001.735198,27.43937836,17.414884,2.083853056,9,3527.00074342555,3475.52182064343,3578.19650780918
46450,-1.306,0,1922.550557,29.81444579,16.34651544,1.982835519,9,3570.68369240425,3518.92774182018,3621.62772141983
46850,-1.172,0,2073.623921,29.43762971,16.52582407,2.062443745,9,3592.31435271011,3542.37031728257,3642.59337626759
47050,-0.891,0,2126.630266,31.01803124,14.29642509,1.877649746,9,3617.4800486222,3568.51854603522,3668.00646212207
47250,-0.632,0,2096.826738,30.32011248,18.6307078,1.652236719,9,3636.52552457971,3587.84707459353,3687.43165335083
47450,-0.589,1,2115.203759,30.38668914,12.01988363,1.505403153,10,3671.23249384669,3621.83823332582,3722.98918458824
47650,-0.783,0,2265.395628,36.65884886,14.28315741,1.873030262,10,3700.26326312294,3650.74558580571,3753.17446660274
47850,-1.268,0,2290.149737,41.44550835,20.55086248,2.957552838,10,3720.63596315238,3670.46728581208,3774.12592802244
48050,-1.55,0,2287.243623,41.49332256,46.4567592,3.533851752,10,3729.49988758442,3679.36927348468,3782.96246265774
48250,-1.749,0,2095.17589,36.61533987,56.444829,3.557311082,10,3736.80018163749,3686.87109546856,3789.97855137406
48450,-1.819,0,2135.562583,35.72959617,37.39694376,3.648831096,10,3747.84347361025,3698.36046822389,3801.60550258076
48650,-1.74,0,2187.994588,34.77839865,43.48949147,3.925026613,10,3757.35698358564,3707.41638466001,3811.3589593012
48850,-1.747,0,2295.29854,35.29304141,42.21729765,4.185147897,10,3767.12677846762,3717.58216676969,3820.89034919624
49050,-1.764,0,2318.530178,34.77252688,39.89728374,4.468427691,10,3777.57953028548,3727.1006524401,3831.41539346852
49250,-1.429,0,2356.842273,34.30508317,37.63959686,4.751694978,10,3788.65148394232,3737.48558874692,3842.37242145573
49450,-1.261,0,2366.921084,35.77407726,41.76866556,5.328002806,10,3798.66440926052,3747.71047490128,3853.28573447985
49650,-1.464,0,2382.941623,35.51623363,38.54412688,5.512773784,10,3820.28955748209,3767.90302675477,3874.43999031635
50050,-1.577,0,2393.474705,33.59349764,39.17159572,5.380150969,10,3830.91071424394,3778.01762343878,3885.40394849285
50250,-1.687,0,2395.391225,33.6558576,38.97945907,5.494557843,10,3841.62359043412,3788.66893945891,3896.22371370666
50450,-1.572,0,2398.651697,34.24056519,38.82624648,5.642883329,10,3852.37989255035,3799.27782176168,3907.12984951252
50650,-1.53,0,2404.753023,36.24018307,38.09306386,6.106798194,10,3863.4791899048,3809.42756917261,3918.63710073868
50850,-1.54,0,2393.311003,37.26761305,33.08244825,6.609329801,10,3876.3727533185,3822.93525062535,3931.44423968133
51050,-1.404,0,2377.619104,37.34869531,26.92974595,6.27044019,10,3892.64202958491,3838.32839914927,3947.05701821059
51250,-1.309,0,2375.819475,37.40707192,23.91313968,6.206077178,10,3911.1191173125,3856.5492433654,3966.49637186239
51450,-1.189,0,2382.357063,36.92484517,19.76479922,5.587047554,10,3934.06465345346,3880.81195911223,3987.35197809886
51650,-1.004,0,2409.714231,35.92332503,16.63821526,4.720010334,10,3961.2556460125,3911.01698196531,4012.14684946359
51850,-0.662,0,2519.36144,36.48808046,21.64181214,3.585282228,10,3980.6808423049,3930.87904092484,4031.953364424
52050,-0.516,0,2576.403832,35.66140998,19.91764228,2.515584889,10,4001.52552457971,3952.84707459353,4052.43165335083
52250,-0.374,1,2587.185678,34.80219544,19.94913117,2.049202607,11,4028.84595340998,3979.49027036234,4079.16069035235
52450,-0.515,0,2671.87522,33.87675755,24.89284553,2.450607299,11,4050.65377389734,3999.9677567232,4101.65266857958
52650,-0.953,0,2678.70077,27.24123875,22.029356,2.16931381,11,4075.4203944253,4025.13794170817,4127.45462272096
52850,-1.121,0,2694.281762,20.87772994,22.02503329,1.839395627,11,4100.00867618841,4049.53913253451,4151.68371788788
53050,-1.552,0,2693.988814,15.40171356,22.02121625,1.995875235,11,4124.6026054353,4074.79836861465,4175.87087026411
53250,-1.498,0,2713.779346,12.4330123,42.4592839,2.343132349,11,4137.33201178916,4087.69628307179,4189.01042682909
53450,-1.534,0,2718.149561,14.95830499,43.84077408,2.934124635,11,4149.69582304663,4099.95746154057,4201.1182846893
53650,-1.574,0,2722.540974,17.90389395,44.09049767,3.285726574,11,4161.98027957122,4112.02982712077,4213.71893330782
53850,-1.704,0,2724.664146,20.73439806,22.01941284,3.424298173,11,4187.09603277654,4136.59329126835,4237.7108497283
54050,-1.625,0,2731.56094,23.30424887,42.99093181,3.403890811,11,4199.68591390898,4149.8604138598,4250.83279609076
54250,-1.657,0,2732.723829,25.90679778,24.35733124,3.230744293,11,4222.18921922584,4172.25680368857,4273.22449810128
54450,-1.613,0,2740.290612,28.75885879,40.79675635,3.15759331,11,4235.47478029071,4185.59458546607,4286.66512384902
54650,-1.594,0,2747.308533,29.46989239,31.3283933,3.056020728,11,4252.8555018217,4202.90387625382,4303.92674287828
54850,-1.185,0,2746.609294,32.98876357,35.55370076,2.974114495,11,4268.1303548648,4218.39944540268,4319.00343373745
55050,-1.255,0,2749.315594,36.35340066,29.41761371,2.753055027,11,4286.59938744296,4236.44221229774,4337.23670033933
55250,-1.137,0,2752.485464,39.91637116,21.99653804,2.817886415,11,4311.46498824754,4261.28460562337,4361.72682948343
55450,-1.031,0,2687.106728,41.56003969,26.72899793,2.936541543,11,4331.8609127384,4281.73770197203,4382.57320450859
55650,-0.721,0,2646.870673,42.1304909,30.204647,2.92668501,11,4349.87611972346,4300.5229058582,4400.54853459324
55850,-0.523,0,2495.03397,43.28882506,32.61589933,2.857938258,11,4366.52552457971,4317.84707459353,4417.43165335083
56050,-0.332,1,2498.581245,45.07175771,26.20836863,2.943443914,12,4384.94780875273,4334.9919893173,4436.37748151073
56250,-0.606,0,2519.236189,50.9839719,23.20419895,3.415977018,12,4405.91931808201,4355.53418229921,4458.6829935341
56450,-1.149,0,2756.445472,48.4963564,23.16457195,3.318318765,12,4427.0928892048,4375.16399155272,4480.54971012456
56650,-1.505,0,2762.517803,38.20456177,20.73375383,2.541935726,12,4450.44409835556,4397.62321181307,4503.24219647942
56850,-1.505,0,2768.464049,36.31944032,30.27957097,2.835792913,12,4466.32012693146,4412.06219317845,4519.7931363152
57050,-1.608,0,2774.040862,33.54616353,37.02888078,2.778589815,12,4479.27921800854,4424.67192845602,4533.46130845149
57250,-1.715,0,2778.47245,27.42884166,42.38724159,2.57709126,12,4490.56251246649,4435.20671812333,4544.87885375259
57450,-1.607,0,2757.58052,22.37477798,22.70619413,2.514171897,12,4511.78919185557,4454.9135337076,4566.95076983212
57650,-1.658,0,2753.351543,17.10443862,22.5419035,2.670620639,12,4533.26846248173,4474.90336106384,4589.47130430732
57850,-1.615,0,2758.074501,11.59905011,22.84849326,2.59280236,12,4554.37237602339,4494.03731307507,4611.43774509818
58050,-1.587,0,2768.845211,7.36168529,22.48231733,2.583128657,12,4575.82752518937,4513.06730991467,4632.71246311604
58250,-1.576,0,2785.482929,9.277160115,22.53277022,2.665301448,12,4597.34117880717,4531.88199785224,4655.30841941404
58450,-1.454,0,2802.806506,7.906932081,22.56193386,2.513829049,12,4618.74046252815,4552.19688718197,4677.86196036528
58650,-1.34,0,2809.958625,6.963498746,22.74183119,2.499021656,12,4640.01780236395,4571.51027179078,4699.10447540307
58850,-1.075,0,2810.604245,6.363908932,27.47899834,2.723699717,12,4657.5785232987,4587.0256921087,4716.94825823501
59050,-0.701,0,2883.153218,11.64398538,9.487271594,3.196258542,12,4713.93839791625,4664.28853222165,4764.95287069989
59250,-0.687,0,2955.313822,12.715754,27.56386981,3.362797849,12,4731.52552457971,4682.84707459353,4782.43165335084
59450,-0.43,1,2981.498511,13.21002731,28.47492356,3.667257077,13,4748.96518004101,4699.99608295948,4800.11608170115
59650,-0.665,0,3015.160571,15.76985294,26.74820524,4.131894559,13,4767.6844323781,4717.9955518035,4819.46970481058
59850,-1.327,0,3050.992456,10.14583224,24.87472336,3.102441354,13,4782.63383380565,4732.74928078082,4833.99663591744
60000,-1.746,0,3058.02411,8.729124367,24.84169542,3.119394273,13,4797.59556519103,4747.93494860916,4849.48342122577
60150,-1.738,0,3063.267735,8.10251373,24.86239949,2.964748835,13,4812.59389474325,4763.23094129412,4864.90498783583
60300,-1.729,0,3070.331791,8.903425333,25.20879652,3.055460947,13,4827.34171009667,4777.11834370608,4880.03182427082
60450,-1.685,0,3077.968778,10.58143233,25.25866004,2.835124741,13,4842.07768431399,4791.74440052262,4894.95107674738
60600,-1.685,0,3088.318661,10.67621313,26.3197695,3.536992115,13,4856.2730011514,4805.85672038698,4909.07413917484
60750,-1.656,0,3095.764204,10.89280784,26.82065863,3.51349664,13,4870.20300407346,4819.10632839327,4921.82396941327
60900,-1.637,0,3101.617298,11.38498373,27.54923096,3.877828236,13,4883.75216150342,4832.02730113063,4936.49426073545
61050,-1.752,0,3107.357728,11.59790257,27.43627523,4.187397722,13,4897.46902743746,4845.7642945056,4950.4563967814
61200,-1.696,0,3113.367715,11.74963527,27.11689968,4.474412097,13,4911.39032500324,4859.32611970422,4964.51283077394
61350,-1.769,0,3118.526574,12.7720933,27.74098916,4.767048374,13,4925.02941138074,4872.96785569014,4979.07190077154
61500,-1.73,0,3125.096611,12.55418231,26.0640898,4.818182703,13,4939.63225405156,4886.28427303083,4993.72760748293
61650,-1.68,0,3130.167273,12.6085692,26.13485867,4.880793997,13,4954.09997183745,4901.28217067703,5007.98714978378
61800,-1.53,0,3135.178554,12.81191453,26.28134547,5.075779753,13,4968.67591433896,4915.89083760263,5023.35476600058
61950,-1.551,0,3141.853868,12.38847812,25.47832117,5.069018343,13,4983.79500304951,4930.81569006804,5038.07287325598
62100,-1.384,0,3206.909031,12.79453884,20.10910041,5.402021069,13,5003.59659042297,4950.7528560052,5057.59885449411
62250,-1.396,0,3208.148384,11.26381388,19.6653894,5.275088555,13,5024.10196342949,4972.79331229817,5077.03388381077
62400,-1.265,0,3171.448763,10.60182431,18.42074474,4.535579424,13,5045.44986651661,4995.67695128456,5097.29358689918
62550,-0.934,0,3171.099028,8.477523062,17.92723701,3.13940976,13,5066.44845115119,5016.10502671147,5117.08658862366
62700,-0.661,0,3192.898863,7.775582814,12.47326918,2.012553242,13,5096.52552457971,5047.84707459353,5147.43165335083
62850,-0.537,1,3263.012538,9.174045792,8.325458107,1.496100778,14,5137.14395415098,5085.51258672083,5190.24342594414
63000,-0.675,0,3373.16725,9.977839853,13.98545908,1.707636555,14,5160.88935891432,5108.6985261793,5213.77166477151
63150,-1.058,0,3408.788172,10.32978212,16.37179823,2.01336022,14,5181.19945333622,5128.2145453565,5234.66362379339
63300,-1.294,0,3419.279981,10.65479665,18.28010995,2.046641561,14,5199.27894570674,5146.27713453067,5253.60762508929
63450,-1.531,0,3424.689165,11.62422277,21.14723371,2.657506739,14,5215.08183476312,5161.32052081444,5269.13154438317
63600,-1.637,0,3421.005989,11.36858028,24.64294804,2.776011746,14,5228.55454033758,5174.55149119263,5282.31673361142
63750,-1.788,0,3427.255407,15.42693446,32.28905416,3.125665174,14,5238.76698933809,5184.61195527161,5292.7057838342
63900,-1.739,0,3443.261235,16.82238634,40.53096133,3.613172984,14,5246.92533642878,5193.27946188532,5301.04840781383
64050,-1.835,0,3454.27939,18.78472583,22.65854523,4.135010286,14,5261.88964135332,5207.22551870556,5316.16406309967
64200,-1.781,0,3461.808011,19.02953307,20.63284566,4.300538749,14,5278.45819230607,5223.85834617428,5333.49892517914
64350,-1.742,0,3469.328659,19.73659151,21.99552569,4.477989098,14,5294.03150544824,5238.17597067508,5349.36841752894
64500,-1.779,0,3478.941446,21.7446046,23.96274508,4.748698699,14,5308.26411117054,5253.54661820557,5363.3938309733
64650,-1.697,0,3486.241418,22.98801605,25.14372369,4.815985727,14,5321.72363877073,5265.79391058672,5377.08039717583
64800,-1.727,0,3494.928062,24.44003665,25.37250863,5.101876401,14,5335.1679552632,5278.31902473806,5389.65235724074
64950,-1.675,0,3498.665554,25.86853932,23.31266329,5.26168563,14,5349.96953963983,5292.29756198314,5403.80209516574
65100,-1.696,0,3524.411784,27.27655507,23.47779257,5.430155387,14,5364.94563053379,5305.81856945368,5419.07136370273
65250,-1.599,0,3209.108294,30.48931173,23.02730133,5.543686574,14,5380.18542498491,5321.82667014726,5435.13540593034
65400,-1.372,0,3287.448754,32.58572524,16.51750866,4.695725699,14,5401.97198090727,5346.72503110568,5456.20387955067
65550,-1.066,0,3271.956344,29.85920299,14.44605041,3.542326394,14,5426.2667120538,5373.42917097878,5478.53472014835
65700,-0.693,0,3355.964699,24.89245538,9.583452347,1.806658736,14,5461.52552457971,5412.84707459353,5512.43165335084
65850,-0.373,1,3387.172561,27.50437187,16.11440963,1.210207622,15,5470.45300798305,5420.34143009667,5522.69744550268
66000,-0.575,0,3400.12834,29.81286527,18.75262894,1.249134188,15,5478.0979201081,5425.55534327826,5532.83852881523
66150,-0.75,0,3398.105321,31.74937399,22.34714392,1.170377752,15,5484.49544070868,5428.73132840015,5543.91510418292
66300,-1.143,0,3404.202983,33.27404853,24.71153738,1.373388939,15,5490.28058525738,5432.53698351266,5554.33640571402
66450,-1.384,0,3410.728922,33.48674167,25.71956941,1.619056062,15,5495.84482034782,5434.93989828226,5564.86361292303
66600,-1.455,0,3415.548891,33.96632151,27.49190094,1.887468882,15,5501.06723860684,5437.04884267712,5574.6946884411
66750,-1.492,0,3455.264834,33.38745602,25.14689279,2.076079816,15,5506.78307229515,5439.53829205014,5586.3352089602
66900,-1.572,0,3467.311655,31.8572739,25.37469266,2.314488322,15,5512.46697026263,5442.03432947307,5596.81735254331
67050,-1.558,0,3468.384962,29.49807978,25.922698,2.460604255,15,5518.01307347638,5443.92830367147,5608.10590922804
67200,-1.489,0,3472.482839,26.37956355,25.65255003,2.17972812,15,5523.61332030112,5446.1296956304,5620.12379134796
67350,-1.511,0,3475.15529,23.16551256,24.34690122,2.316611045,15,5529.5284842232,5447.55907449635,5632.5601442697
67500,-1.499,0,3479.979952,19.8162411,24.2897353,2.399339526,15,5535.46822518307,5449.56268390154,5644.78698111894
67650,-1.594,0,3482.338386,17.90559682,24.30610275,2.941452214,15,5541.40436070692,5450.47989317816,5660.18655884964
67800,-1.636,0,3456.33067,15.4725486,24.35752563,2.979236267,15,5547.37438463491,5452.01607084951,5674.6597875927
67950,-1.732,0,3472.47763,13.30046523,24.39976885,2.930112828,15,5553.29055654126,5453.62738158749,5686.99533762325
68100,-1.695,0,3458.486295,12.16217137,17.63138504,2.895885965,15,5561.67597012321,5455.42816606113,5705.63939103367
68250,-1.539,0,3208.945135,16.60043404,0.000849762077,2.940826456,15,5604.50621131702,5468.68132247284,5787.04068710065
68400,-1.341,0,3059.498859,21.61858361,0.00090922797,2.579546424,15,5650.77969527851,5479.3715983692,5814.54989182288
68550,-1.212,0,3026.441859,27.25592159,0.000942280759,2.491004455,15,5698.07777553915,5504.34632597516,5831.10071488668
68700,-1.051,0,3050.87031,34.65876556,0.000872864419,2.940217367,15,5742.81086052514,5555.25260632609,5843.19203013825
68850,-0.875,0,3276.81783,41.83035503,3.586947397,2.942383784,15,5789.69295214761,5675.47869060341,5859.39778287124
69000,-0.637,0,3220.179108,47.58633167,5.006666918,2.843409827,15,5826.52552457971,5777.84707459353,5877.43165335083
69150,-0.279,1,3270.22596,52.79143092,13.84296479,2.461705852,16,5850.58519706946,5794.5393994193,5906.89356840788
69300,-0.45,0,3116.195468,59.69730811,10.58837888,2.603896515,16,5883.28707289234,5809.01760622696,5960.84524393587
69450,-1.113,0,2999.797635,68.31276755,0.000831310807,2.983301434,16,5955.53903489932,5827.65740827965,6153.69709836945
69600,-1.434,0,3500.674002,57.96539325,19.01189903,2.426792552,16,5972.83787194471,5835.13620414882,6156.6974465223
69750,-1.635,0,3507.402103,54.87215448,25.35332476,2.551343927,16,5985.69000578498,5839.6179228428,6160.46291207211
69900,-1.652,0,3512.622266,51.07861288,30.31520808,2.767096352,16,5996.46494851726,5842.53980887236,6163.70333317131
70050,-1.686,0,3518.046118,48.96087441,34.49088279,3.318749428,16,6005.97714849324,5844.68574657573,6165.3478299353
70200,-1.602,0,3521.939949,25.63003953,38.14150458,3.245166851,16,6014.55435481731,5847.50311407596,6167.8484001738
70350,-1.612,0,3524.990336,22.35918705,41.39861908,2.992322463,16,6022.39959739325,5850.17907187888,6170.08573380527
70500,-1.479,0,3528.811271,24.71425212,44.35142547,2.896138495,16,6029.74682735271,5853.39195681773,6171.29607431625
70650,-1.349,0,3540.202468,27.5251594,47.05564679,2.885207185,16,6036.62845449933,5855.55538676637,6174.50079691781
70800,-1.34,0,3573.651159,30.3205264,49.55107849,2.812386015,16,6043.18442491118,5857.07738009203,6178.48932132033
70950,-1.276,0,3676.540791,32.44086308,35.53052404,2.949846326,16,6052.37032119078,5860.09957337781,6182.22921870367
71100,-1.179,0,3658.167195,33.43680013,38.34798291,2.729990249,16,6060.85644967716,5862.16304952024,6187.15995628139
71250,-0.957,0,3832.541972,35.37327849,0.001022777393,2.670951435,16,6135.71476094016,6060.88725231634,6210.29851149344
71400,-1.022,0,3564.679618,38.14958154,57.22495548,2.758959505,16,6141.3873292829,6069.74716591335,6212.286340522
71550,-1.005,0,3636.975749,40.03027958,19.7668448,2.806502059,16,6158.12125434831,6096.79162733832,6220.07597581747
71700,-0.985,0,3701.02097,40.95689602,19.79609299,2.781420712,16,6174.8407103027,6121.12049068387,6228.283632837
71850,-0.861,0,3725.925091,40.06216106,19.74499235,2.600275276,16,6191.52552457971,6142.84707459353,6242.43165335084
72000,-0.814,1,3772.196141,39.2569055,19.72395464,2.489666609,17,6205.88979401023,6156.22605197422,6257.13117692317
72150,-0.865,0,3804.835937,38.26697877,19.69528208,2.62143578,17,6220.36996397902,6170.85895904189,6271.38873508244
72300,-0.932,0,3820.278224,37.16251302,19.70140549,2.741608147,17,6234.88488313654,6184.85843955362,6286.21948524037
72450,-1.113,0,3827.01871,37.03672773,19.69077998,2.892231073,17,6249.48416966598,6198.98023533973,6301.64088708338
72600,-1.283,0,3828.004689,36.23372114,19.67750332,2.979302852,17,6264.07337211603,6213.32845712847,6315.84633906377
72750,-1.189,0,3838.393331,35.33881752,19.66709656,2.786262391,17,6278.66825034038,6227.02869142434,6330.96871077091
72900,-1.474,0,3825.889649,35.0322616,19.65953347,3.020767402,17,6293.30621921735,6242.16478245452,6345.48744045087
73050,-1.452,0,3831.101014,34.32179121,19.65167191,2.840700726,17,6307.8537379677,6256.96991895631,6360.0236936983
73200,-1.431,0,3834.846535,34.12467721,19.64880286,2.824702927,17,6322.40248268187,6271.36075589567,6374.27092699393
73350,-1.415,0,3842.768777,32.65067962,19.65090023,2.762105077,17,6336.9567577867,6286.03039474312,6388.77345993204
73500,-1.535,0,3843.353412,30.08016108,19.65636154,2.710580187,17,6351.50430611268,6300.05812061413,6403.33522135007
73650,-1.606,0,3841.075075,27.73995049,19.64379969,2.695524345,17,6366.04870419236,6313.90590379869,6418.02954840658
73800,-1.565,0,3846.319546,24.99108773,20.28238618,2.631877149,17,6380.10353007281,6328.2219299429,6432.12802395998
73950,-1.688,0,3849.526158,22.60455263,21.89859129,2.664094788,17,6393.09483763186,6341.48987248428,6445.43638641479
74100,-1.716,0,3859.605848,19.42672227,23.54144688,2.604394438,17,6405.11614852711,6353.26617860784,6457.63180317779
74250,-1.695,0,3870.294479,16.24787398,22.45031558,2.544202534,17,6417.74738546723,6365.61412471417,6469.92619734016
74400,-1.591,0,3880.928735,14.72010492,21.57441604,2.572007827,17,6430.92121385823,6378.84791723488,6482.85132587222
74550,-1.615,0,3888.731355,13.70314349,19.94485928,2.537774765,17,6445.13066537369,6392.81758876146,6497.6007230991
74700,-1.49,0,3896.442779,15.65066713,19.45208471,2.601827889,17,6459.78898952726,6406.8745824293,6512.67687658369
74850,-1.299,0,3900.407966,15.59610025,14.80128882,2.390881563,17,6479.10438426673,6425.87672140988,6532.06763156822
75000,-0.917,0,3885.213876,19.71851074,15.49094696,2.669210702,17,6497.68567017942,6445.81434641843,6549.91339593266
75150,-0.779,0,3828.898574,24.60799657,21.36250361,2.633204659,17,6510.98514681341,6458.28109057105,6563.30169096483
75300,-0.614,0,3837.803396,28.50115673,14.0774905,2.755263328,17,6531.70341269604,6478.90032428603,6584.45240671958
75450,-0.549,0,3859.021069,32.64498298,12.11959731,3.053447427,17,6556.52552457971,6507.84707459353,6607.43165335083
75600,-0.507,1,3881.507724,37.72271731,15.9586717,3.259047583,18,6579.36580039251,6528.68180702778,6631.21384568958
75750,-0.924,0,3937.378788,45.58656054,19.63440702,3.60929184,18,6597.55242514166,6547.02043758231,6649.90520783379
75900,-1.36,0,3878.777485,40.77368848,32.42241098,3.199441315,18,6608.34398760436,6557.50108968933,6660.45777776326
76050,-1.559,0,3840.392176,33.40230195,18.06861767,2.401925071,18,6627.79515803997,6576.70362818999,6680.40069840534
76200,-1.732,0,3849.463756,31.72097722,22.91911847,2.444959534,18,6643.02144606477,6591.3008216401,6694.52513216458
76350,-1.608,0,3853.559476,29.79133669,23.08215282,2.406057465,18,6658.15277793356,6606.23882661588,6709.80026780839
76500,-1.722,0,3849.922107,27.27699372,23.00689077,2.582887538,18,6673.39708392096,6620.73307757232,6726.12127241282
76650,-1.558,0,3833.683227,24.06635636,22.54510867,2.615693241,18,6688.95084334042,6635.62310102394,6741.97886657519
76800,-1.489,0,3833.389009,20.58135694,22.43771083,2.622113314,18,6704.62497201797,6650.34138179655,6757.59681249448
76950,-1.453,0,3839.722093,17.06223115,22.16891465,2.64854869,18,6720.52316696505,6666.15424025724,6773.45838306503
77100,-1.532,0,3846.544365,13.81886591,21.732238,2.710173561,18,6736.76303278827,6682.16461830376,6790.06242919372
77250,-1.436,0,3853.568943,10.857189,21.1183866,2.572477491,18,6753.35416333002,6698.58866928803,6806.058550225
77400,-1.631,0,3884.501229,9.615423503,20.74952898,2.475362613,18,6770.20611530667,6714.89590208868,6823.93669697423
77550,-1.602,0,3921.019233,10.54193301,22.78068237,2.393153852,18,6785.59853954551,6729.67495839938,6839.59131006405
77700,-1.518,0,3929.503593,13.22299878,21.1879123,2.363790011,18,6802.14258683579,6746.471183817,6856.00514575268
77850,-1.232,0,3987.65071,14.48822194,16.3057171,2.348779997,18,6823.78188097682,6766.92733474929,6878.45415902178
78000,-1.112,0,4105.928668,15.99248987,17.16877528,2.338719363,18,6844.34887418348,6786.23010656908,6900.2526792052
78150,-0.934,0,3944.500672,18.09095464,10.38898625,2.182607874,18,6879.09867613594,6823.48243830527,6934.19302896992
78300,-0.728,0,3939.143595,27.67304451,8.706916903,2.183623382,18,6921.52552457971,6872.84707459353,6972.43165335084
78450,-0.346,1,4107.262567,29.82763482,10.42852636,1.197269854,19,6938.43964674462,6886.66197572382,6992.03333639822
78600,-0.483,0,4179.651079,31.95146314,13.72589058,1.590926626,19,6951.30801221845,6893.43358677714,7009.74820933372
78750,-0.305,0,4219.995199,31.8011867,17.54805678,2.007188351,19,6961.42919029076,6897.63073408317,7025.07151963804
78900,-1.688,0,4143.261807,29.89412329,21.11499237,3.34910247,19,6969.86616946328,6901.23482015728,7039.39156572674
79050,-1.148,0,4153.192107,30.379924,21.11318073,3.087359377,19,6978.22740728177,6904.5976462275,7053.29282371419
79200,-1.426,0,4159.681181,31.12413647,21.11030036,3.264287399,19,6986.68659031626,6908.02600469081,7067.08847773271
79350,-1.834,0,4161.391301,30.45643817,21.10879526,3.542214856,19,6995.22170303662,6910.19294602105,7082.15180146689
79500,-1.296,0,4173.390719,28.83844847,29.02430303,3.823727672,19,7001.31387801855,6911.74024771383,7092.20899890956
79650,-1.382,0,4178.235299,27.18956862,29.14566789,4.220097089,19,7007.42000517709,6913.73334420474,7103.44585755191
79800,-1.409,0,4187.786761,26.53338684,28.93163983,4.756234003,19,7013.60936241262,6915.30087587758,7114.96561486129
79950,-1.57,0,4197.453892,24.83550063,28.57212693,4.948505266,19,7019.8760853953,6916.79855727703,7127.09752470002
80100,-1.713,0,4203.63267,23.06681387,28.27874584,5.010636608,19,7026.25613891808,6918.2709254695,7138.64600929204
80250,-1.675,0,4211.263615,21.27952721,25.42130735,5.064633562,19,7033.44392665646,6920.15612733954,7151.76137149697
80400,-1.67,0,4214.666041,19.56244623,27.4888634,5.349576064,19,7040.09402425179,6921.30343557916,7165.01954003278
80550,-1.672,0,4217.952351,17.78471337,21.18003507,5.484953636,19,7048.95974208504,6923.16605064826,7181.80900044451
80700,-1.519,0,4221.008144,14.34458243,28.27570934,5.143344439,19,7055.37953588577,6924.22637307195,7193.11419999484
80850,-1.376,0,4226.432757,11.61943323,27.13493915,4.568814009,19,7062.01503203421,6925.80737393518,7205.26818754196
81000,-1.173,0,3835.506825,24.59806559,0.00820625245,4.038279532,19,7102.72039828365,6939.01164016279,7256.6893982946
81150,-1.244,0,3449.304611,37.40319889,0.004270334477,4.16555942,19,7143.59539333435,6954.91840183,7281.02900597649
81300,-0.966,0,3478.737522,53.90959227,0.4081428722,4.260652312,19,7188.39582023829,6999.02522108483,7296.8022497903
81450,-0.866,0,3650.178723,70.33000255,6.218681692,3.725509489,19,7225.95751694262,7036.55003496877,7316.62603962733
81600,-0.694,0,3532.162968,81.21042965,3.143307324,2.848667794,19,7286.52552457971,7237.84707459353,7337.43165335083
81750,-0.357,1,3481.484442,93.37268037,1.390629171,1.8769425,20,7354.09374843814,7252.57472848802,7571.63931407532
81900,-0.42,0,3396.003541,104.7363568,0.103160866,1.781793275,20,7411.78709890092,7262.01230374389,7625.44156116505
82050,-0.802,0,3345.609503,115.6258665,0.0554915371,2.266304443,20,7460.88478593257,7275.31656505157,7641.12047231967
82200,-1.192,0,3473.675122,111.8097568,17.38302133,2.377212238,20,7468.34122003452,7287.15234182405,7642.73443953959
82350,-1.374,0,3770.080771,110.6571087,17.38183059,2.297274608,20,7475.79755157644,7296.90883096843,7644.50106982794
82500,-1.495,0,4110.454244,108.6488997,17.38117228,2.717831256,20,7483.31787793166,7306.84055810619,7645.22002929249
82650,-1.547,0,4259.34635,103.62803,17.38003478,3.325717635,20,7491.02206161942,7316.34216018252,7645.49812344474
82800,-1.854,0,4220.437194,78.656891,17.3787154,3.257756034,20,7498.64883478148,7325.76808652808,7647.43820651
82950,-1.531,0,4187.769221,55.28471542,17.3773057,3.059178837,20,7506.20679979604,7334.3056192335,7649.61985507146
83100,-1.53,0,4200.382708,50.12955631,17.37581366,2.9486112,20,7513.84064732914,7339.10751796265,7652.11018576163
83250,-1.313,0,4160.642636,39.70521993,7.846056377,2.795242057,20,7533.21429801835,7356.20585852662,7656.70039418889
83400,-1.51,0,4175.097532,27.38079445,10.94143477,2.492230209,20,7545.57526908547,7362.85997917945,7659.8477258107
83550,-1.35,0,4181.776727,10.19930332,10.85068982,2.188706769,20,7557.82002776558,7371.44337840448,7663.26989437868
83700,-1.215,0,4202.330835,8.96849244,9.385293901,2.184517149,20,7572.38453958184,7377.7886860019,7669.22127741341
83850,-1.121,0,4232.704577,10.58661845,6.997393251,2.45923947,20,7594.31580192906,7391.51092665303,7681.47250682555
84000,-1.044,0,4275.816938,11.4823027,0.3842574789,2.915821232,20,7638.0712443387,7584.68223088749,7690.65728669155
84150,-0.919,0,4273.37947,12.9588896,17.42335626,3.281687945,20,7645.75655644696,7595.48888399597,7695.99799138238
84300,-0.758,0,4270.916803,14.46071367,22.64961233,3.513408184,20,7651.52552457971,7602.84707459353,7702.43165335084
84450,-0.327,1,4308.649068,13.25791946,14.9700787,2.164418582,21,7683.09285811329,7632.41493894586,7736.14385076285
84600,-0.405,0,4321.648444,17.18894061,7.758380793,2.702013429,21,7750.08786766681,7687.74067297214,7827.21086995349
84750,-0.734,0,4516.382283,15.19413596,20.27673811,4.464950006,21,7773.8896144962,7711.18249277104,7849.03413734191
84900,-1.442,0,4583.600852,16.61735911,12.65845029,2.925412169,21,7812.38340166958,7750.45443225312,7882.94423246978
85050,-1.673,0,4603.225878,15.34107792,30.33877342,3.753061685,21,7827.79769135845,7767.5893813045,7895.84089458171
85200,-1.531,0,4605.605741,14.66490058,39.95600468,4.244353015,21,7839.42697866749,7778.53489659316,7904.796683123
85350,-1.687,0,4592.126613,13.64496398,46.14503246,4.603944194,21,7849.5166002051,7789.18549646014,7913.40803374657
85500,-1.677,0,4596.717241,13.54154312,49.20605213,4.905681421,21,7858.95352072535,7798.86654666825,7922.01763581174
85650,-1.507,0,4598.378121,12.64579401,52.9733771,5.133953471,21,7867.75987770657,7807.47371150372,7929.53943737059
85800,-1.598,0,4605.089413,11.75632265,56.06307366,5.212413175,21,7876.05250629369,7815.51435107111,7938.04600045029
85950,-1.67,0,4611.10303,11.68743234,58.5556084,5.361576798,21,7883.98488071133,7823.817702317,7945.63969171445
86100,-1.651,0,4617.287354,11.14689371,60.49153709,5.276070845,21,7891.65826173824,7831.16927586842,7952.55343987586
86250,-1.695,0,4626.608756,10.9569191,61.86333528,5.110385325,21,7899.15249639053,7838.50762123154,7959.92395637383
86400,-1.536,0,4635.780155,10.75727499,61.40396132,4.806111367,21,7906.68675367724,7845.58829349975,7967.22511726531
86550,-1.42,0,4639.685041,9.188875467,55.16698276,4.543024369,21,7915.10099906237,7853.52287839603,7974.63908582793
86700,-1.272,0,4642.728117,8.645753927,47.12516093,4.333402804,21,7924.97913051083,7862.20171143788,7984.9794434326
86850,-1.169,0,4636.103622,10.38638282,48.21986544,4.195581509,21,7934.59571034302,7871.35848207472,7994.59807177895
87000,-1.065,0,4615.409949,12.59320447,19.48685349,3.529586687,21,7959.01309017443,7896.15877568908,8016.76750356418
87150,-0.523,0,4651.295525,16.35040753,8.805346909,2.366070806,21,8016.52552457971,7967.84707459353,8067.43165335083
87300,-0.455,1,4761.356193,21.99162383,1.872747334,2.197640918,22,8098.26916469141,7987.90290735927,8303.86552384005
87450,-0.885,0,4636.339047,28.08618492,14.19353126,2.507982959,22,8112.70834191768,8005.66728327725,8308.30828102262
87600,-1.459,0,4601.665894,32.07872892,14.17960695,3.125069603,22,8127.44864067351,8023.53131993171,8310.35874417044
87750,-1.477,0,4617.149914,34.41760394,14.17191867,3.175479505,22,8142.37176560519,8039.3737805409,8314.83238931844
87900,-1.707,0,4611.341457,37.02781445,14.16121153,3.690770053,22,8157.65497222342,8054.83469268084,8319.92478280434
88050,-1.671,0,4623.53363,37.03557519,14.15690492,3.89894811,22,8173.136787864,8068.09174538875,8324.50513406405
88200,-1.666,0,4637.513397,35.69125428,14.16804593,4.471286208,22,8189.21898231519,8081.80081595085,8331.87180039294
88350,-1.661,0,4641.532931,33.04516172,14.21219674,5.066793139,22,8206.18460721551,8095.56917107756,8336.80923549701
88500,-1.654,0,4654.956756,29.81015598,14.13151731,5.689989382,22,8224.15448271429,8110.80035546986,8342.77910442883
88650,-2.012,0,4651.743476,25.80535743,14.12482371,6.119473716,22,8242.44370640823,8125.94402051025,8352.22662039933
88800,-1.722,0,4664.577986,23.54011959,14.12242178,6.869093939,22,8261.86093983883,8155.49485475953,8359.65705721132
88950,-1.719,0,4670.220358,20.25030097,14.12186668,7.42388994,22,8280.96280683927,8181.21691021761,8368.71738268623
89100,-1.662,0,4672.157269,17.3311094,14.1226493,7.392947469,22,8300.48984018913,8218.19387492856,8377.23803184365
89250,-1.418,0,4665.45599,15.20177482,14.12448965,6.627168902,22,8319.42609360651,8250.45105845785,8386.46191371615
89400,-1.034,0,4645.751402,14.55021987,14.12741558,5.395918546,22,8337.18356440293,8280.26138443095,8395.94730751963
89550,-0.748,0,4685.049848,14.04684379,14.13144156,4.08230128,22,8352.7508601323,8301.07428517389,8406.39730558475
89700,-0.575,0,4735.490378,11.68720381,14.13186323,2.354386303,22,8367.18963920687,8316.35429357418,8419.12903234884
89850,-0.534,0,4755.167752,11.98875776,14.12787431,1.798178258,22,8381.52552457971,8332.84707459353,8432.43165335084
90000,-0.443,1,4612.867888,16.45968923,13.97341504,1.664164029,23,8408.01496385277,8357.83775106592,8459.04083959143
90150,-0.978,0,4508.223192,24.07501639,15.33016209,2.476579012,23,8432.31984735373,8379.88327042702,8483.73316134061
90300,-1.13,0,4548.589271,25.44652473,16.47961862,2.36569549,23,8454.83494542044,8401.83302733401,8507.34667139229
90450,-1.372,0,4672.861236,29.17868281,17.28452529,2.799903374,23,8476.44210900687,8423.62265921627,8529.11448401703
90600,-1.415,0,4657.365815,32.86434083,17.32470378,3.1450365,23,8498.29655981112,8443.99524756943,8552.38285662134
90750,-1.565,0,4598.248868,35.4095092,17.97044163,3.310712584,23,8519.27836444268,8464.38561518162,8574.37945997153
90900,-1.572,0,4579.500769,35.88128772,18.39241977,3.249389971,23,8539.72383333889,8483.25408335744,8595.04081716168
91050,-1.56,0,4589.369824,35.71034207,18.40839084,3.300203613,23,8560.28590949453,8503.07619279542,8615.96207866001
91200,-1.642,0,4596.171927,33.16139397,18.10290832,3.238752458,23,8581.03717010954,8522.65545523968,8636.54305204912
91350,-1.839,0,4618.660425,30.10133642,17.06007676,3.157258707,23,8603.16049272392,8544.62765294091,8658.81647472922
91500,-1.636,0,4612.840496,30.98707709,17.3840198,3.439365069,23,8624.96428313818,8565.5468396335,8681.17694342925
91650,-1.572,0,4618.4552,33.14155091,18.14442571,3.161783847,23,8645.72599328829,8584.87905972662,8702.58375896205
91800,-1.381,0,4660.628499,43.13285657,14.51315835,2.80824588,23,8671.70239419309,8609.59416097865,8729.03320385294
91950,-1.119,0,4692.813083,41.27738106,13.05837455,2.297413585,23,8700.5518573312,8636.10945856967,8758.09919427268
92100,-0.845,0,4693.181511,36.98097439,5.947411928,1.855997186,23,8746.52552457971,8697.84707459353,8797.43165335084
92200,-0.699,1,4790.800804,37.70832735,10.5692191,1.684869506,24,8761.72968949837,8710.51878686795,8813.64974319267
92300,-0.699,0,4811.184479,36.54351697,12.30557136,1.983685806,24,8774.88657891243,8719.67912466493,8829.06416672717
92400,-1.137,0,4854.986665,32.01517731,13.74247582,2.138056839,24,8786.62924327388,8726.58244827767,8844.07694796562
92500,-1.402,0,4888.724652,31.13566188,13.32623597,2.805359885,24,8798.94275991501,8733.84372874363,8860.39874781404
92600,-1.596,0,4882.068832,31.92873517,13.04648156,3.557820912,24,8812.04974486194,8739.79182336788,8877.90283398341
92700,-1.561,0,4884.723871,31.68983988,12.8382222,4.152084932,24,8826.33125164806,8743.7992837867,8899.08908742345
92800,-1.637,0,4894.913117,31.52851564,12.65657367,4.786640812,24,8841.48707261647,8750.49503731792,8922.44175743958
92900,-1.623,0,4902.250282,29.79697877,12.48586049,5.428069707,24,8857.81821353003,8755.96972773701,8948.74433033036
93000,-1.437,0,4908.090499,28.02271674,12.40542891,5.867094613,24,8875.23905994749,8764.1423316167,8973.7449471178
93100,-1.526,0,4917.956776,26.42579635,12.25635495,6.46572786,24,8894.48010171689,8770.7890465921,9003.90094805148
93200,-1.666,0,4920.676234,24.9586383,12.01949443,6.999891382,24,8913.32602236325,8776.49044376095,9028.11239959163
93300,-1.751,0,4943.295368,23.27241221,11.8539462,7.134421489,24,8932.64605405556,8781.25618773626,9051.1377916491
93400,-1.751,0,4952.7563,21.73727787,11.71092777,7.125430357,24,8952.37069793101,8793.82463197321,9070.65758996931
93500,-1.676,0,4956.97725,19.97932128,11.58421716,6.992638521,24,8972.94818683525,8807.30402841656,9086.71505115706
93600,-1.633,0,4960.190537,18.3568895,11.45803188,6.715183101,24,8992.21589223512,8815.26614506973,9098.20023623774
93700,-1.527,0,4964.912342,17.30949693,11.37882727,6.286246389,24,9012.26284478336,8827.84630308539,9110.89813588657
93800,-1.326,0,4953.004869,16.21471746,12.42408137,5.386483848,24,9028.65131244316,8836.06366663956,9123.34994621331
93900,-1.051,0,5048.485001,15.89543488,11.14744947,3.807633867,24,9045.42507346148,8842.29906033756,9137.54093464072
94000,-1.015,0,5118.737051,13.73459974,11.11224437,3.339410595,24,9061.4267430047,8851.89917747381,9154.68038212531
94100,-0.984,0,5145.198914,12.90776544,0.000640378765,2.666503313,24,9111.52552457971,9062.84707459353,9162.43165335083
94200,-0.853,1,5157.416704,11.78935068,0.000546725897,1.885389531,25,9174.04501252532,9069.3478610819,9418.5120761301
94300,-1.607,0,5149.652292,17.83654488,6.049329214,3.389334697,25,9207.95758034957,9092.76105150281,9428.87071332976
94400,-1.53,0,5109.330555,18.53039259,25.87091668,2.851996984,25,9213.95304588419,9099.7113762091,9430.11250152461
94500,-1.717,0,5073.61509,22.00150238,23.72069994,3.116636939,25,9220.55723918415,9106.33432628202,9431.58886295305
94600,-1.632,0,5021.465667,25.20197324,10.7860089,3.190473487,25,9236.20672285861,9118.31621994548,9435.1154258038
94700,-1.483,0,5047.435016,27.21137492,10.61102807,3.078841136,25,9252.18719534516,9129.24289240224,9438.24717142237
94800,-1.389,0,5060.949878,29.84101177,7.803957534,3.207739125,25,9277.30314617583,9143.08707428184,9446.29498678789
94900,-1.698,0,5016.556992,32.14681232,17.55595801,3.655946201,25,9286.49782469409,9148.5456117594,9448.05039822333
95000,-1.775,0,5002.826372,33.60829872,23.27324475,3.703600896,25,9293.26213610566,9150.93836854419,9449.385284615
95100,-1.752,0,5009.26498,34.11880121,18.56682428,3.619217954,25,9301.90737842876,9154.94574913652,9451.27879192741
95200,-1.603,0,5023.940838,33.5176179,10.46928134,3.528505992,25,9319.21215216059,9161.34352202872,9457.53826967685
95300,-1.88,0,5003.854424,33.43393944,10.63804153,3.904504281,25,9336.49851609855,9167.7077089869,9462.14004398547
95400,-1.73,0,5018.702578,31.072981,16.90347218,4.037575409,25,9346.22256547286,9172.55675674528,9466.69732279444
95500,-1.605,0,5031.750555,27.95883824,16.27833813,3.884944604,25,9356.28326785208,9174.78453184604,9469.19379103169
95600,-1.682,0,5033.551904,24.69023286,16.55969612,3.739329142,25,9366.07403909289,9178.8014965579,9474.88907775935
95700,-1.594,0,5041.095943,20.72256286,14.0859042,3.516822995,25,9377.8920028065,9182.13710573633,9481.36911639841
95800,-1.669,0,5042.078565,17.40564303,10.40242855,3.321981868,25,9394.72236205039,9187.48764305156,9491.38669915984
95900,-1.377,0,5046.650366,14.35588796,10.64071732,3.646797329,25,9412.04582800514,9192.55654589753,9505.3872651158
96000,-0.952,0,5046.609998,10.50374992,5.61614e-07,2.360713247,25,9465.25582258712,9414.98934230879,9518.02572726672
96100,-0.682,0,5048.63168,8.049257537,13.86166662,1.573822936,25,9476.52552457971,9427.84707459353,9527.43165335084
96200,-0.54,1,5056.552253,10.70559477,17.69777821,1.157074119,26,9488.32115213503,9438.57530918775,9538.74591670914
96300,-0.686,0,5082.256659,17.61287793,11.77316501,1.750453782,26,9506.26132713147,9455.03271651914,9557.72434706896
96400,-1.189,0,4896.631894,28.90717954,11.75110476,2.967977115,26,9525.43736912511,9473.40822283878,9578.40984608563
96500,-1.741,0,4896.896518,35.18889632,11.74791556,3.681617052,26,9545.5318992022,9490.66928696842,9603.44357425759
96600,-1.957,0,4922.015968,37.70757185,11.7433924,3.720474314,26,9565.27777571188,9507.11805326147,9624.2192547307
96700,-1.983,0,4930.518565,38.0758888,11.73985587,3.623968761,26,9585.41364903491,9524.65133909163,9646.27154086562
96800,-1.996,0,4949.103591,37.66504858,11.73599555,3.464770781,26,9605.30110361262,9542.9346225934,9665.81255260034
96900,-1.856,0,4958.480379,35.93906457,11.73250392,3.310051751,26,9624.80135044902,9560.51052230832,9685.96614177789
97000,-1.816,0,4975.574953,33.03329039,11.72888562,3.132310897,26,9644.12790528885,9578.05927046935,9707.08888746414
97100,-1.792,0,4995.919259,29.33745907,11.7254444,2.972192131,26,9663.15593590815,9595.75254096329,9726.29867908548
97200,-1.756,0,5061.122886,26.05496482,11.72213921,2.783747867,26,9682.04319261797,9614.26205686314,9745.58886925214
97300,-1.759,0,4996.712919,24.80715841,11.71882888,2.41311567,26,9700.49977627822,9629.85213993185,9763.41599563038
97400,-1.346,0,5015.914854,26.79106182,11.71586,2.12692945,26,9718.89953567847,9648.72035361251,9780.95442363163
97500,-1.744,0,5023.144003,30.70910175,11.7128809,2.15364147,26,9737.24925699501,9665.98957999673,9799.1665925689
97600,-1.367,0,5037.843779,33.47956183,11.71013537,1.929049788,26,9755.37423219648,9680.42909652359,9816.71757032346
97700,-1.061,0,5011.539013,36.33208487,5.769025697,1.844872735,26,9795.89620837549,9724.13746856892,9854.35144549703
97800,-0.797,0,5081.00081,38.53301932,5.297819551,1.860663609,26,9841.52552457971,9792.84707459353,9892.43165335084
97900,-0.668,1,5222.604901,40.09643369,5.089681498,1.858219583,27,9887.13429186521,9823.29338128489,9965.33339974735
98000,-0.945,0,5238.240333,39.38870319,10.30519792,2.348066232,27,9907.67576883477,9838.01831636486,9985.373637301
98100,-1.683,0,5242.513204,39.83897317,12.74120399,3.248811402,27,9924.78940757687,9849.34081432707,10004.4038302659
98200,-1.726,0,5284.232313,37.55799735,14.08913239,3.459319066,27,9940.19260477267,9855.39292294165,10021.409245554
98300,-1.798,0,5326.093573,35.58172187,15.16305154,3.786448875,27,9954.54536070585,9861.06264783795,10037.7617900275
98400,-1.903,0,5317.125622,33.16365211,15.18583383,4.343307614,27,9969.24231651491,9866.80262396254,10055.5627800444
98500,-1.839,0,5330.181217,31.43649796,32.17173592,4.903071151,27,9975.62450891436,9869.58697877973,10063.5736257101
98600,-1.728,0,5291.958758,28.56030229,17.11035229,5.101253274,27,9989.03855675549,9872.44297654522,10079.5433962313
98700,-1.539,0,5289.50112,25.89603048,16.10484532,5.235184271,27,10003.4727167117,9877.29369208599,10095.3811400089
98800,-1.86,0,5342.417474,23.51935076,43.87063945,5.704919462,27,10008.1380188146,9878.80643832442,10100.8194848534
98900,-1.899,0,5350.81243,20.82118495,47.06810221,5.761228969,27,10012.479263494,9880.26005197432,10107.0063457542
99000,-1.888,0,5349.432629,18.05400677,50.0316708,5.673270272,27,10016.5354312777,9881.83720892179,10111.2692149902
99100,-1.832,0,5351.990838,15.86294967,52.79160845,5.479824816,27,10020.3929772359,9882.45066811548,10117.4891476136
99200,-1.752,0,5370.855432,14.15828349,22.15621389,5.141817329,27,10029.9400904343,9885.84548946927,10127.6154606302
99300,-1.601,0,5372.877754,12.455234,56.45552685,4.447989736,27,10033.5150231918,9886.39547427153,10132.237242647
99400,-1.341,0,5373.737223,12.60139165,9.089106342,4.123531275,27,10062.0592904634,9896.90663061945,10163.6934053674
99500,-1.103,0,5355.255492,10.65234691,7.828280571,3.732010871,27,10094.7327215525,9910.81737016288,10196.3255870278
99600,-0.939,0,5368.859124,9.866630786,6.224768251,2.916039441,27,10135.4871116435,9936.50579230846,10230.0773212833
99700,-0.801,0,5391.253932,10.06924473,3.156171931,2.602434615,27,10206.5255245797,10157.8470745935,10257.4316533508
99800,-0.531,1,5454.079539,11.55590047,11.07690943,2.534151112,28,10247.7629283301,10195.1868303246,10301.9672682432
99900,-0.473,0,5497.097716,12.78384779,11.35042777,2.522551644,28,10287.9885382974,10233.4561790298,10344.9363899844
100000,-0.646,0,5532.227528,13.23042654,12.03873181,2.806672628,28,10325.9538809708,10269.5378517669,10385.3643826964
100100,-1.151,0,5507.733142,16.4116864,12.15168891,2.733612041,28,10363.8144629084,10306.9535649914,10419.9575467909
100200,-1.564,0,5704.565725,15.93484245,19.49594269,3.317781654,28,10386.9541643889,10332.1134805874,10442.8370182172
100300,-1.618,0,5709.098359,16.98758443,24.41836221,3.803837555,28,10405.2122960669,10351.8407743215,10461.1977456026
100400,-1.728,0,5713.231577,18.36863375,28.39541516,4.100091274,28,10420.8854081114,10366.9468143374,10475.5842452699
100500,-1.596,0,5716.194423,18.82356837,31.78975344,4.373964497,28,10434.7810750476,10381.4268288813,10488.6840299604
100600,-1.544,0,5719.053578,18.72112684,34.78740552,4.29013267,28,10447.5513603249,10394.3297891997,10500.6893156748
100700,-1.506,0,5722.067078,18.21993526,37.48483281,3.959652552,28,10459.2647813431,10405.8764863769,10511.9564911852
100800,-1.383,0,5724.519944,17.2605189,39.94316388,3.560539024,28,10470.2229726589,10416.3902498888,10522.4749620552
100900,-1.715,0,5728.115542,16.89709576,42.20495771,4.102036901,28,10480.6261941021,10426.5287343737,10533.5211588966
101000,-1.739,0,5730.801365,15.83274617,44.30335305,4.045183564,28,10490.5086942097,10436.8190643298,10543.0528477842
101100,-1.538,0,5733.564255,14.35894496,46.26272545,3.527424468,28,10499.9517791858,10446.1753767937,10552.0335017593
101200,-0.929,0,5751.327562,11.12363028,47.24654199,2.638149797,28,10509.168204931,10455.1598686105,10561.6170125241
101300,-0.814,0,5877.667762,11.49621477,12.27199258,2.152531682,28,10545.5952612352,10496.0887109198,10596.4927782557
101400,-0.868,0,5851.377929,12.67767871,17.04322104,2.125435628,28,10571.5255245797,10522.8470745935,10622.4316533508
101500,-0.809,1,5804.882818,14.60431354,19.60782317,2.083247676,29,10579.1658895007,10529.1989671498,10630.8557759904
101600,-0.801,0,5679.632666,17.86279238,15.69961243,2.211383382,29,10588.7741624403,10536.9202621211,10644.5420159072
101700,-0.885,0,5822.067054,21.74267834,24.76384777,2.73967835,29,10594.8225835302,10541.4403273954,10653.7579144008
101800,-1.352,0,5628.777157,26.54994548,14.7809578,3.054184148,29,10605.2233672231,10547.8047522092,10670.45457998
101900,-1.648,0,5625.358737,30.67595068,16.62044782,3.591929096,29,10614.6680537445,10552.024092598,10684.5790152809
102000,-1.78,0,5630.478023,32.11296133,18.01592796,4.140308479,29,10623.2947483669,10554.7768154467,10700.3941902671
102100,-1.648,0,5643.666895,33.38756103,0.003660074523,3.808815851,29,10661.5741963457,10564.0988447814,10844.7965258553
102200,-1.58,0,5642.037419,35.43553298,16.13225501,3.636233339,29,10671.3417842267,10567.5428144908,10848.6563709185
102300,-1.414,0,5647.907738,36.68533025,15.29734799,3.500841034,29,10681.5998367278,10571.0854333791,10856.6448785721
102400,-1.543,0,5658.79674,37.96022962,0.002968698688,3.842866472,29,10721.1667981764,10583.8371679267,10897.7128419685
102500,-1.64,0,5654.787402,36.37503633,14.13828345,4.081616494,29,10732.9863034811,10588.0330210752,10901.1641193264
102600,-1.702,0,5659.564358,34.54186499,12.58428015,4.079148963,29,10746.2502639639,10591.7812282383,10907.8384126788
102700,-1.74,0,5664.522067,32.03157596,10.90670085,4.006154445,29,10762.852008579,10594.8720971214,10915.0107632547
102800,-1.802,0,5680.0982,28.34660528,0.002688923429,3.840112154,29,10800.535976509,10608.8856756568,10931.41613687
102900,-1.847,0,5753.535227,25.04029675,0.002686970421,3.724716624,29,10841.7274331324,10663.2850396147,10944.3394051296
103000,-1.671,0,5772.753337,21.33033274,0.002686948949,3.651004434,29,10879.9215553894,10794.4090309121,10951.8888403946
103100,-1.321,0,5738.861039,16.28932072,10.91726933,3.497360419,29,10895.1865117767,10819.9670065905,10958.260100331
103200,-1.248,0,5700.324563,14.16944397,11.06176605,3.397973074,29,10909.9817851275,10840.5599837376,10969.2462889734
103300,-0.766,0,5727.236148,13.5834959,6.788319281,2.752612914,29,10936.5255245797,10887.8470745935,10987.4316533508
103400,-0.568,1,5868.997391,13.69936482,4.86273534,2.153127777,30,10977.654294762,10914.6921911853,11081.5108760557
103500,-0.395,0,5935.742625,12.15859798,10.37550588,1.487709397,30,10993.1198944467,10924.8810520031,11095.7402145073
103600,-0.422,0,5954.283828,12.06994699,14.23131242,1.38869227,30,11004.246360322,10931.1440218391,11106.2993336401
103700,-0.729,0,5966.478519,12.66345661,15.84893025,1.819239831,30,11014.2810905939,10936.4919073443,11113.9113734517
103800,-1.332,0,5972.127051,11.3297994,4.596492587,2.131627756,30,11057.5844748666,10952.1202459676,11177.6394623547
103900,-1.651,0,5976.566573,11.92330224,0.004544762298,2.639416439,30,11109.3088318316,10998.5472368699,11256.7955816937
104000,-1.694,0,5982.632951,12.28986248,16.35312943,2.93753583,30,11119.2208460995,11007.2848578551,11261.3120935847
104100,-1.614,0,5991.450173,12.61354653,15.84854181,3.216569775,30,11129.612320407,11016.1790535259,11263.5431521567
104200,-1.556,0,5997.406522,13.28161179,15.65452842,3.722924933,30,11140.3622264169,11024.485677123,11266.9729649223
104300,-1.453,0,6003.784307,13.17471303,15.32728845,4.378537664,30,11151.8118302761,11030.0375214686,11269.1133167675
104400,-1.537,0,6008.937899,15.1254389,14.83527726,5.073896728,30,11164.13875085,11037.2355531588,11274.3386558926
104500,-1.691,0,6012.561498,16.30339869,14.02492082,5.667056097,30,11178.5997899136,11049.8986592311,11279.5654914044
104600,-1.773,0,6013.517299,17.00435309,13.36355835,6.156707842,30,11194.9741435793,11063.8917709552,11287.7101064743
104700,-1.891,0,6010.895892,17.347198,12.38613675,6.052121562,30,11212.6650397267,11088.0616306635,11296.6305868033
104800,-1.824,0,5633.772515,21.49571804,25.39540268,6.478711802,30,11219.4217501285,11091.9042627184,11299.6754446614
104900,-1.838,0,5591.778599,23.93722185,25.52774696,6.247730491,30,11226.0375234333,11097.1537627323,11304.6014359177
105000,-1.694,0,5857.290329,27.81837377,10.31301356,6.659143008,30,11247.3388037289,11147.4071560289,11313.9093166493
105100,-1.241,0,6066.200187,22.4799795,9.294421672,4.848898522,30,11271.6497055173,11208.5375744611,11327.3199019919
105200,-1.057,0,6073.750152,23.85159104,9.611876074,3.683828496,30,11291.721929784,11241.5262881329,11342.5014721448
105300,-0.8,0,6098.46104,23.65612038,16.41749936,2.512941566,30,11301.5255245797,11252.8470745935,11352.4316533508
105400,-0.619,1,6195.555131,28.55559271,14.52629565,2.123751443,31,11320.2077114379,11270.1732394755,11370.8072452506
105500,-0.854,0,6199.746702,32.06239314,18.63685757,2.324421524,31,11334.740709155,11285.5438025392,11386.3092637547
105600,-1.266,0,6044.884016,33.0148328,13.73206372,2.726997972,31,11354.964831593,11302.9875818233,11409.4852109912
105700,-1.537,0,5995.533613,35.90660028,13.61091316,3.752783024,31,11376.3557227018,11321.5522672793,11432.1753213469
105800,-1.441,0,6008.025693,37.37444021,13.69210221,3.367706808,31,11397.4088413115,11340.3361108008,11454.1666682091
105900,-1.52,0,6005.527351,37.43852151,13.6345448,3.788006338,31,11419.0600711152,11360.4465793073,11477.1375038553
106000,-1.467,0,6012.857405,36.22572259,13.63701557,3.876660603,31,11440.6714326122,11378.69253337,11500.8409982293
106100,-1.524,0,6007.403579,34.12318029,13.65484544,4.02394841,31,11462.2736885208,11398.4399033278,11523.3204605861
106200,-1.747,0,5968.363625,31.39673812,15.20305907,4.270146102,31,11481.6818350935,11414.4896634442,11542.8842891955
106300,-1.676,0,5945.16724,28.37154641,25.3232139,4.230987216,31,11492.5315690706,11423.1794344808,11554.0440155479
106400,-1.736,0,5950.459198,25.50514114,25.49475639,4.420958939,31,11503.3351356644,11432.9117144923,11563.9689742393
106500,-1.617,0,6024.933338,22.87877632,13.40458252,4.389793987,31,11526.6171276645,11457.2986094782,11588.2218910493
106600,-1.808,0,6056.884934,20.21184475,12.05314636,4.571168037,31,11553.3766743947,11489.3018238618,11613.3971415699
106700,-1.408,0,6081.670448,16.55483666,13.1384135,4.495167011,31,11577.2969568231,11517.5783193198,11633.5714865995
106800,-1.185,0,6096.582695,14.00419643,13.0919807,3.831610909,31,11599.9583909437,11543.5335452227,11654.4306542553
106900,-1.138,0,6104.184386,13.50077081,13.00773489,3.550203699,31,11622.5261465288,11567.2046911615,11675.5252068105
107000,-0.982,0,6007.954868,14.79276844,12.94467494,3.38150672,31,11644.8094758361,11591.8781997026,11697.1554492939
107100,-0.809,0,5964.020564,17.7315383,13.35540009,3.50673974,31,11666.5255245797,11617.8470745935,11717.4316533508
107200,-0.661,1,5959.336399,21.5196483,13.71117373,3.522409184,32,11678.9693826054,11628.8859683379,11731.0114677666
107300,-0.791,0,5972.974044,26.39345464,13.83926516,3.399259161,32,11691.3197855746,11639.0967108404,11746.7105583896
107400,-0.753,0,5980.912898,30.11025332,13.81674698,3.032336207,32,11703.5129854114,11648.0257985909,11761.0470010798
107500,-1.219,0,5984.384951,34.85475658,13.80472791,3.107735084,32,11715.6872629474,11655.5411903789,11775.8349813363
107600,-1.491,0,5989.28107,38.49850193,14.29846989,3.306318675,32,11727.4366680352,11662.8803556384,11791.484184444
107700,-1.811,0,5993.103634,39.29621122,15.23530829,3.297065053,32,11738.3731061682,11667.7873963969,11805.4777195919
107800,-1.799,0,6004.061778,38.22807074,14.96442779,3.358524424,32,11749.613518797,11672.2335662791,11819.1079766391
107900,-1.834,0,6017.484314,35.93399932,14.27045392,3.523613754,32,11761.6815540189,11676.4071010059,11835.7144204614
108000,-1.787,0,6027.037147,32.72767198,13.51880097,3.589339384,32,11774.510750847,11681.2392043416,11852.32087241
108100,-1.785,0,6036.201173,29.26715743,12.89919838,3.74553766,32,11788.2562649679,11685.787569933,11872.2312144803
108200,-1.8,0,6050.6528,26.61789826,12.29666549,3.95049575,32,11803.4492593771,11689.3140609053,11893.3283686142
108300,-1.846,0,6064.333121,23.38161666,11.36927776,3.94651774,32,11819.9701593523,11694.8532884238,11917.4928656965
108400,-1.79,0,6078.97901,20.02402049,10.3047056,3.599406211,32,11838.3986129844,11700.141061816,11940.8787875768
108500,-2.074,0,6094.085246,18.09454485,8.000953239,3.26715618,32,11863.8083146902,11709.3759572463,11971.8637290822
108600,-1.485,0,6130.568375,14.72523487,7.270456747,3.079215628,32,11891.2308580981,11721.2959980015,11999.5259332639
108700,-1.146,0,6135.158496,14.91543741,6.44711192,2.761919977,32,11922.444483449,11729.3292045963,12030.0278553637
108800,-0.808,0,6087.705482,17.09224824,5.958012042,3.628090456,32,11959.2830178677,11769.5164617984,12059.3626894394
108900,-0.615,0,6160.654565,15.80403439,2.328503515,2.071138274,32,12031.5255245797,11982.8470745935,12082.4316533508
109000,-0.601,1,6255.043952,15.2856159,4.425228705,1.786056321,33,12075.1169879181,12011.254062417,12160.5757319927
109100,-1.04,0,6328.673465,15.00871461,6.427016692,2.617909452,33,12104.8623710641,12026.6854183055,12200.2664703334
109200,-1.506,0,6344.788597,14.90946644,8.625309392,2.657524501,33,12125.7953688794,12035.774159172,12222.6381744943
109300,-1.709,0,6348.62171,15.82050864,10.07506505,4.273188143,33,12146.7855656713,12043.5959828953,12255.388908522
109400,-1.776,0,6360.760346,18.97397894,10.81071442,6.094559448,33,12168.0017120136,12050.0664865386,12290.7933370245
109500,-1.865,0,6374.359324,21.67134444,10.98399883,7.039723281,33,12189.6714510139,12063.7823318602,12315.0348248966
109600,-1.698,0,6383.955168,22.3608206,11.26972088,7.385666612,33,12210.4418971724,12071.766101606,12336.4782259126
109700,-1.78,0,6394.378778,22.68410035,11.49603239,7.625203052,33,12230.4014282628,12082.1404577297,12352.6885835794
109800,-1.559,0,6402.880422,20.82913473,11.52807607,7.369163908,33,12251.3909006064,12096.2656611654,12367.9971789808
109900,-1.674,0,6412.219565,19.21432944,11.53811106,7.232534521,33,12271.8662458533,12111.5822909989,12377.1763450281
110000,-1.792,0,6460.683998,16.82890722,10.85974556,6.774842769,33,12294.2870531276,12132.9253510354,12392.5008382352
110100,-1.822,0,6475.503657,12.93474719,10.17836948,5.865402908,33,12316.3408240733,12152.1167585465,12402.7479544147
110200,-1.551,0,6457.32926,11.43755229,7.455818875,4.724803565,33,12346.3045272446,12219.6995732762,12417.5253208806
110300,-0.983,0,6456.23336,11.50436678,5.3112206,4.544509783,33,12383.801997611,12333.0515212292,12434.012024434
110400,-0.694,0,6484.140321,10.74419567,12.90573708,1.734338728,33,12396.5255245797,12347.8470745935,12447.4316533508
110500,-0.608,1,6492.987546,16.8910783,9.324543504,1.547381905,34,12409.7180270307,12359.0546299316,12463.1173074155
110600,-0.641,0,6503.656697,22.60057787,0.001440168809,1.560210142,34,12467.9642949678,12369.2945037345,12693.6980357406
110700,-1.008,0,6535.735499,28.49339992,10.64837634,2.041374851,34,12479.659758528,12379.8735782096,12698.4511972777
110800,-1.507,0,6458.48731,33.70261563,8.816252248,2.761110715,34,12495.0685453327,12391.8153866406,12703.8360277898
110900,-1.709,0,6423.987918,36.49503585,7.915599865,3.365653834,34,12514.669699645,12401.4221208687,12710.7822300668
111000,-1.688,0,6438.436771,40.43578549,9.348059324,3.956036765,34,12531.3400298375,12407.8248554745,12715.4406487195
111100,-1.721,0,6443.287243,42.43074962,9.331432519,4.477753282,34,12548.628068944,12415.4113503624,12723.9912727938
111200,-1.819,0,6446.147919,42.60913885,9.064233965,4.653497306,34,12567.3033037554,12421.5101036163,12733.112737696
111300,-1.786,0,6444.628212,40.86016108,6.388559309,4.806821204,34,12592.3849713681,12430.54962931,12744.192746859
111400,-1.902,0,6448.129158,37.47895994,9.024433773,4.931650257,34,12611.0634410041,12439.6465857753,12751.4294135879
111500,-1.933,0,6466.444964,32.7809432,8.881212904,5.130939796,34,12629.6065169687,12449.319577919,12757.6548037834
111600,-1.722,0,6482.751387,28.11844569,8.638291965,5.338544225,34,12649.4098948579,12455.433674824,12767.0438512452
111700,-1.787,0,6463.499958,23.62980732,6.335331699,4.823904285,34,12676.012466532,12465.6581731728,12780.1955110395
111800,-1.61,0,6477.931062,20.65406731,4.747769745,5.414270305,34,12703.059029998,12495.8477239446,12791.9410105408
111900,-0.913,0,6495.107574,16.28619363,0.000120432794,2.772299905,34,12746.0571439474,12691.2167610319,12798.0958642386
112000,-0.667,0,6593.207364,12.70059653,8.353417833,2.083641859,34,12761.5255245797,12712.8470745935,12812.4316533508
112100,-0.598,1,6606.747804,13.26607816,11.88204614,1.968875105,35,12774.7544775585,12723.3438701042,12826.9591238471
112200,-0.626,0,6614.474118,21.02399456,13.34313326,2.316645887,35,12786.5662578271,12733.0815601152,12842.5031503622
112300,-1.201,0,6581.123753,26.54896794,14.82319304,4.203719776,35,12797.8147740489,12740.1050820154,12857.8306881004
112400,-1.562,0,6552.440441,31.33091242,8.338608027,5.07321856,35,12823.6492328798,12750.5020516317,12924.5417670788
112500,-1.66,0,6495.472299,34.94595511,7.769903004,5.498369633,35,12850.0146476545,12759.823231168,12987.4203275596
112600,-1.642,0,6485.866413,38.51980017,8.193581488,5.845203786,35,12875.3332865808,12769.9000043076,13021.0776793791
112700,-1.656,0,6478.897862,42.15572454,8.112072853,5.674833272,35,12901.92676256,12778.1173372206,13058.0925663649
112800,-1.72,0,6491.981836,42.36516399,7.932237885,5.594130321,35,12928.9445730791,12786.9559439166,13082.3596544894
112900,-1.775,0,6569.132288,40.63396318,7.670073354,5.515401898,35,12956.3080444374,12799.1106817789,13096.0015142293
113000,-1.555,0,6520.1758,37.62235205,7.276842366,5.420874722,35,12984.3921973359,12813.0133148015,13111.1395889486
113100,-1.481,0,6443.303659,31.47779201,5.681529438,5.137854362,35,13016.7324448173,12837.7682336773,13126.5417247354
113200,-1.445,0,6456.447259,33.5018046,4.861211302,4.747492288,35,13053.7572143244,12892.523661936,13142.7358775691
113300,-1.136,0,6480.996271,35.90229707,7.46373926,3.324163887,35,13080.3092108024,12927.1665698422,13157.3418524452
113400,-0.723,0,6647.242437,32.1654255,3.998287917,3.084858127,35,13126.5255245797,13077.8470745935,13177.4316533508
113500,-0.389,1,6658.10662,32.38804101,11.87512934,1.983786111,36,13170.0982801563,13119.1788279001,13222.7952323106
113600,-0.504,0,6679.368506,33.04079662,12.31543633,1.943284741,36,13211.7663579023,13159.1760967057,13264.6445090592
113700,-0.99,0,6651.857248,42.27286327,18.02104683,2.639525617,36,13240.4552464502,13187.5323710978,13292.9625473623
113800,-1.349,0,6735.289299,44.48348087,43.5652683,3.22995569,36,13252.1068074277,13199.0321171422,13305.0755598686
113900,-1.324,0,6743.142016,43.99364486,42.60350413,3.510886578,36,13264.0287172171,13210.3486514444,13316.5473616548
114000,-1.458,0,6747.116153,41.30334158,41.29936817,3.929271454,36,13276.3602258751,13222.2172706752,13328.8078226873
114100,-1.54,0,6750.482116,37.45941722,39.63231342,4.236653879,36,13289.2591740179,13235.3315834318,13342.258147206
114200,-1.556,0,6753.69375,33.29205571,37.54162714,4.465435334,36,13302.9141885936,13248.3937777023,13355.5015804301
114300,-1.612,0,6756.849008,29.22779025,34.95373793,4.668800945,36,13317.6347842334,13263.1483722286,13371.0222208275
114400,-1.588,0,6759.962517,25.71704265,31.71815508,4.634288564,36,13333.9358023436,13278.7229563563,13387.9379168323
114500,-1.562,0,6763.222843,21.87584521,27.58777825,4.464353155,36,13352.7013641931,13297.1029814545,13406.9693662425
114600,-1.288,0,6766.598733,18.27342684,18.62573006,3.37247316,36,13380.7704469938,13324.4318866937,13434.8412662502
114700,-1.037,0,6781.841989,16.04472403,10.78179532,2.434870903,36,13430.2193692832,13374.7971429853,13484.8865359512
114800,-0.611,0,6999.681745,16.69496779,8.481954056,1.558997218,36,13491.5255245797,13442.8470745935,13542.4316533508
114900,-0.44,1,6974.054624,18.56797891,15.2774926,1.58732467,37,13509.8312742413,13457.2833724739,13562.8455467279
115000,-0.543,0,6913.292215,24.18251537,16.80185193,1.958697838,37,13526.5101255105,13467.7019604263,13584.5172535828
115100,-1.133,0,6767.761774,30.97126172,14.94746574,2.781485694,37,13545.5018091786,13478.4462677876,13609.6990002017
115200,-1.259,0,6718.910942,35.78503819,14.6646608,3.216251596,37,13565.356400227,13484.3720148742,13638.4553208427
115300,-1.372,0,6725.79828,39.06340403,18.66494327,3.638369971,37,13580.8283364922,13486.994808788,13661.2675246086
115400,-1.364,0,6731.830715,40.18523153,16.64697526,3.909821153,37,13598.4277651662,13491.0700237967,13686.9149148937
115500,-1.465,0,6739.404809,38.56058318,17.2733488,4.198807532,37,13615.3877759624,13496.5069432082,13712.8238592756
115600,-1.288,0,6744.313203,35.47247988,17.65984779,4.610118334,37,13632.3170777589,13498.8327659562,13739.5032804646
115700,-1.392,0,6831.217843,34.17067377,17.63137703,5.116239845,37,13649.8500818417,13504.7466003888,13764.3481873389
115800,-1.736,0,6835.523437,29.37228461,10.92109462,5.238259123,37,13682.1678202896,13511.5388670579,13808.3460430177
115900,-1.669,0,6845.038511,26.08911718,9.533616462,5.717905612,37,13720.7887901742,13521.7897993248,13845.4308219518
116000,-1.42,0,6766.043989,22.93379957,15.14380953,5.754825199,37,13743.1729897548,13525.7867219768,13867.8916867744
116100,-0.966,0,6784.201083,18.67474594,8.652312499,5.006484145,37,13784.0539125408,13540.3881786167,13900.4709782525
116200,-0.41,0,6831.589284,16.61126873,0.000358503333,2.834245227,37,13856.5255245797,13807.8470745935,13907.4316533508
116300,-0.139,1,6961.140386,12.73637118,5.854455056,1.591918899,38,13885.6121873646,13827.058280013,13948.3392177125
116400,-0.736,0,7047.175375,17.10630313,6.427159507,3.030714781,38,13917.1661694801,13841.7486451362,14013.3048582176
116500,-1.364,0,7060.801562,18.75607729,8.309005014,3.987141755,38,13942.536577467,13850.6771683148,14068.6198496452
116600,-1.637,0,7030.051903,20.98562531,8.96578095,4.606359767,38,13967.2408705089,13858.2555587199,14103.5458208952
116700,-1.55,0,7065.52028,23.36684343,9.539707547,4.850257796,38,13990.0679083283,13866.3363663594,14129.0830665192
116800,-1.66,0,7069.827268,27.07092956,9.467819795,5.182248743,38,14013.1911206301,13874.1158478237,14153.6348018603
116900,-1.702,0,7072.792634,32.1837688,9.252536689,5.03538715,38,14037.254686756,13881.0299598792,14174.1308651546
117000,-1.628,0,7071.421708,38.02482844,8.919582507,5.355094296,38,14062.1085289852,13889.428392894,14195.9536544824
117100,-1.586,0,6961.826464,41.49200642,8.615956016,5.584203748,38,14087.234692593,13902.1111884687,14210.3337621544
117200,-1.464,0,6888.027697,43.24880005,8.143487332,5.391598267,38,14114.6451475473,13920.3039702039,14227.7148955224
117300,-1.143,0,6887.711806,48.31956157,8.13150148,5.763756813,38,14141.0989258052,13940.7497478665,14244.2630895115
117400,-0.887,0,6934.033716,44.41789181,1.5409e-07,4.836549933,38,14174.5690473406,14015.4213654685,14252.290696968
117500,-0.673,0,7184.191283,35.56573566,3.603308752,3.36702825,38,14221.5255245797,14172.8470745935,14272.4316533508
117600,-0.652,1,7048.722757,29.16793368,1.142390521,3.121486437,39,14221.9691161936,14173.0842730827,14272.7045228666
117700,-1.165,0,7069.904665,22.34904438,8.552747339,4.713440664,39,14222.0652229102,14173.13346987,14272.8998784672
117800,-1.573,0,7079.911461,21.83877665,11.46555386,5.229364911,39,14222.1277449807,14173.1627254031,14272.9328455046
117900,-1.696,0,7088.02966,25.40933857,13.4477964,6.21436992,39,14222.1768541742,14173.1939363196,14272.9652248757
118000,-1.686,0,7095.117221,27.99166505,14.91837042,6.638617644,39,14222.2118592353,14173.2232105594,14272.9899232491
118100,-1.601,0,7101.589995,28.07379896,16.03981786,6.423154,39,14222.2444239231,14173.267209945,14273.0225236046
118200,-1.639,0,7108.164774,30.86119811,15.96484952,6.867952201,39,14222.291069302,14173.2820475166,14273.0546932848
118300,-1.695,0,7122.281651,31.6807969,10.67840964,7.103701971,39,14222.4022090365,14173.3413717721,14273.4344576298
118400,-1.716,0,7134.329382,33.3517851,8.981047635,7.267689585,39,14222.4888374591,14173.3824470936,14273.5349919009
118500,-1.566,0,7129.379068,32.71211495,17.94464803,7.94024142,39,14222.5178086845,14173.4061922251,14273.5559807166
118600,-1.543,0,7130.421405,26.6882474,18.33906774,7.295222782,39,14222.5442620242,14173.4239430591,14273.586559677
118700,-0.825,0,7175.506623,76.24906062,1.31056833424421e-09,0,39,14586.5255245797,14537.8470745935,14637.4316533508
118800,-0.475,1,7202.675374,0,2.887814099,0,40,14613.6942755797,14565.0158255935,14664.6004043508
