"","Depth","Yearmarker","YEsin","YEweight","YEcount","YE18O","YEcombined","peakid"
"1",2e+05,1,0.518752451392997,0,0,0,0.147689873250841,0
"2",3e+05,0,0.492855398400798,0,0,0,0.139553404157384,0
"3",4e+05,0,0.447805937706099,0,0,0,0.125399533262122,0
"4",5e+05,0,0.42855242069307,0,0,0,0.119350364417928,0
"5",6e+05,0,0.421710800036975,0,0,0,0.117200828907681,0
"6",7e+05,0,0.423819641310335,0,0,0.014529091286974,0.122428219997199,0
"7",8e+05,0,0.421552247026093,0,0,0.125744625914449,0.156658106191562,0
"8",9e+05,0,0.431370087073451,0,0.166666666666667,0.322697556478732,0.273986597880176,0
"9",1e+06,0,0.451463818815962,0,0.291666666666667,0.560268340127662,0.39421410035249,0
"10",1100000,0,0.478175006962567,0,0.333333333333333,0.784032373365578,0.486000738922861,0
"11",1200000,0,0.520181792467949,0,0.333333333333333,0.942728012826605,0.549058457429018,0
"12",1300000,0,0.586901493099357,0,0.333333333333333,1,0.588014802615216,0
"13",1400000,1,0.71959545201972,0.0416666666666667,0.333333333333333,0.942728012826605,0.624802312295739,0
"14",1500000,0,0.716510791371652,0,0.375,0.784032373365578,0.573973346846875,0
"15",1600000,0,0.660129794389798,0,0.375,0.560268340127662,0.485955942675233,0
"16",1700000,0,0.582476387301253,0,0.375,0.322697556478732,0.386917187716585,0
"17",1800000,0,0.495698148516503,0,0.416666666666667,0.12574462591445,0.310864119234566,0
"18",1900000,0,0.475273921851414,0,0.416666666666667,0.0145290912869741,0.269504863046239,0
"19",2e+06,0,0.455218780196699,0,0.416666666666667,0,0.258639011146576,0
"20",2100000,0,0.463884624095168,0,0.291666666666667,0,0.222088548593224,0
"21",2200000,0,0.489524434928802,0,0.208333333333333,0,0.203962101431345,0
"22",2300000,0,0.494645558336486,0,0.25,0,0.218662129577628,0
"23",2400000,0,0.526749849627187,0,0.416666666666667,0,0.281113009860577,0
"24",2500000,0,0.587072452551245,0.125,0.416666666666667,0,0.3393386169003,0
"25",2600000,0,0.718859515159056,0.152777777777778,0.416666666666667,0,0.38947151783659,0
"26",2700000,1,0.772878278951111,0.111111111111111,0.375,0.95048443395121,0.678889396150904,1
"27",2800000,0,0.751550186177888,0.152777777777778,0.375,0.811744900929367,0.641689574809298,0
"28",2900000,0,0.632921574037998,0,0.375,0.611260466978157,0.493428492552109,0
"29",3e+06,0,0.493191924399841,0,0.333333333333333,0.388739533021843,0.366523696703177,0
"30",3100000,0,0.463761159742474,0,0.333333333333333,0.188255099070633,0.294287758963147,0
"31",3200000,0,0.447697907420067,0,0.333333333333333,0.0495155660487905,0.245651024933449,0
"32",3300000,0,0.455626420571989,0,0.291666666666667,0,0.21949394380348,0
"33",3400000,0,0.473693117701612,0,0.25,0,0.212079184185753,0
"34",3500000,0,0.490967084695005,0,0.166666666666667,0,0.191324313246569,0
"35",3600000,0,0.505825166146779,0,0.0833333333333333,0,0.169810406982067,0
"36",3700000,0,0.534705596562787,0,0.25,0,0.231248398100506,0
"37",3800000,0,0.583466871381077,0,0.416666666666667,0,0.298932655003694,0
"38",3900000,0,0.63010104933811,0,0.416666666666667,0,0.313584420506142,0
"39",4e+06,0,0.693962385291649,0,0.416666666666667,0,0.333648702971386,0
"40",4100000,1,0.7294020489485,0.375,0.416666666666667,0.95048443395121,0.761230824460835,0
"41",4200000,0,0.732041666426958,0.125,0.416666666666667,0.811744900929367,0.639923970327606,0
"42",4300000,0,0.617909429130993,0,0.416666666666667,0.611260466978157,0.501802947072618,0
"43",4400000,0,0.521997536831443,0,0.416666666666667,0.388739533021843,0.401756086530086,0
"44",4500000,0,0.463638125715983,0,0.416666666666667,0.188255099070633,0.3204311980939,0
"45",4600000,0,0.42694560062524,0,0.416666666666667,0.0495155660487905,0.26531305321214,0
"46",4700000,0,0.415993482238544,0,0.416666666666667,0,0.246315005607632,0
"47",4800000,0,0.415839186841299,0,0.333333333333333,0,0.220084433694411,0
"48",4900000,0,0.426164221190738,0,0.208333333333333,0,0.18405526411708,0
"49",5e+06,0,0.418864931369793,0,0.208333333333333,0,0.181761935758436,0
"50",5100000,0,0.457324694693902,0,0.375,0,0.246209610880927,0
"51",5200000,0,0.523278474365077,0,0.416666666666667,0,0.280022355354813,0
"52",5300000,0,0.624005107885136,0.0138888888888889,0.416666666666667,0,0.316032848749246,0
"53",5400000,0,0.71426882285173,0.138888888888889,0.416666666666667,0,0.383665508121572,0
"54",5500000,1,0.778502974415628,0.319444444444444,0.458333333333333,0.95048443395121,0.772293922930875,0
"55",5600000,0,0.744453977200215,0,0.458333333333333,0.811744900929367,0.617641639272012,0
"56",5700000,0,0.579497225167503,0,0.458333333333333,0.611260466978157,0.502825450876745,0
"57",5800000,0,0.464535914429507,0,0.458333333333333,0.388739533021843,0.396793546228251,0
"58",5900000,0,0.403990778955287,0,0.5,0.188255099070633,0.327872982985577,1
"59",6e+06,0,0.377706460194782,0,0.5,0.0495155660487905,0.276024941815997,0
"60",6100000,0,0.369146525685347,0,0.458333333333333,0,0.244687435529693,0
"61",6200000,0,0.369670159651535,0,0.291666666666667,0,0.192487764352131,0
"62",6300000,0,0.384628216902198,0,0.25,0,0.184096316294006,0
"63",6400000,0,0.426199917897707,0,0.291666666666667,0,0.210248574084772,0
"64",6500000,0,0.459195336878446,0,0.333333333333333,0,0.233706291551936,0
"65",6600000,0,0.526856232977819,0.0694444444444444,0.416666666666667,0,0.302964846088795,0
"66",6700000,0,0.637783275256403,0.125,0.416666666666667,0,0.355271203583757,0
"67",6800000,0,0.801733167048592,0.166666666666667,0.416666666666667,0,0.419872869785216,0
"68",6900000,1,0.798030744871911,0.0833333333333333,0.416666666666667,0.961939766255643,0.694754704614759,0
"69",7e+06,0,0.775291274006341,0.0277777777777778,0.458333333333333,0.853553390593274,0.649193230374029,0
"70",7100000,0,0.746830281242659,0.194444444444444,0.416666666666667,0.691341716182545,0.628559854564416,0
"71",7200000,0,0.481885890332239,0,0.416666666666667,0.5,0.424109988305602,0
"72",7300000,0,0.438093954283012,0,0.416666666666667,0.308658283817455,0.350234490008872,0
"73",7400000,0,0.3846152796989,0,0.458333333333333,0.146446609406726,0.295558835863231,0
"74",7500000,0,0.35979909320659,0,0.333333333333333,0.0380602337443566,0.214435428985396,0
"75",7600000,0,0.333188102303443,0,0.25,0,0.16793459693842,0
"76",7700000,0,0.333012141831675,0,0.208333333333333,0,0.154788265477327,0
"77",7800000,0,0.344488859529449,0,0.125,0,0.132211984984899,0
"78",7900000,0,0.369975028925327,0,0.208333333333333,0,0.166401455153119,0
"79",8e+06,0,0.393059357872779,0,0.375,0,0.226018397348514,0
"80",8100000,0,0.438205866842594,0,0.458333333333333,0,0.266384853962197,0
"81",8200000,0,0.529045883600993,0,0.458333333333333,0,0.294925436901363,0
"82",8300000,0,0.66346667845453,0.0972222222222222,0.458333333333333,0,0.367704229519962,0
"83",8400000,0,0.789736215469393,0.125,0.458333333333333,0,0.416103605932326,0
"84",8500000,1,0.805675468363659,0.0416666666666667,0.458333333333333,0.9567727288213,0.69553315674348,0
"85",8600000,0,0.764862594735192,0.111111111111111,0.416666666666667,0.834565303179429,0.653041966854927,0
"86",8700000,0,0.692939139316335,0,0.416666666666667,0.654508497187474,0.538964054919715,0
"87",8800000,0,0.544013172119525,0,0.416666666666667,0.447735768366173,0.427208812050721,0
"88",8900000,0,0.472113224111987,0,0.416666666666667,0.25,0.342493278069779,0
"89",9e+06,0,0.440356033179886,0,0.416666666666667,0.0954915028125263,0.283971367680477,0
"90",9100000,0,0.428859606330973,0,0.291666666666667,0.0109261996330972,0.214517058162572,0
"91",9200000,0,0.42283158037292,0,0.125,0,0.156826103318451,0
"92",9300000,0,0.421548989309485,0,0.0416666666666667,0,0.130241037678897,0
"93",9400000,0,0.428812635226172,0,0,0,0.11943211995617,0
"94",9500000,0,0.450032801536006,0,0.0833333333333333,0,0.152281275368397,0
"95",9600000,0,0.473717133627113,0,0.166666666666667,0,0.185904635039561,0
"96",9700000,0,0.5251862214945,0,0.333333333333333,0,0.254439646551448,0
"97",9800000,0,0.595534399612191,0,0.5,0,0.328906187584491,0
"98",9900000,0,0.664084814421334,0,0.5,0,0.350443708923551,0
"99",1e+07,1,0.752213798700778,0,0.5,0.969846310392954,0.682843819829465,0
"100",10100000,0,0.769005088063146,0.347222222222222,0.5,0.883022221559489,0.769932616069221,0
"101",10200000,0,0.742626083381943,0.347222222222222,0.5,0.75,0.719851120265152,0
"102",10300000,0,0.649198948531246,0,0.5,0.586824088833465,0.530138196776955,0
"103",10400000,0,0.519387371738157,0,0.5,0.413175911166535,0.434795652819701,1
"104",10500000,0,0.411844719442784,0,0.5,0.25,0.349739904380043,0
"105",10600000,0,0.358864165237412,0,0.5,0.116977778440511,0.291300597144431,0
"106",10700000,0,0.343028269641736,0,0.416666666666667,0.0301536896070459,0.232864261472577,0
"107",10800000,0,0.338479399341444,0,0.333333333333333,0,0.195779138406233,0
"108",10900000,0,0.340831281197667,0,0.166666666666667,0,0.144153875539026,0
"109",1.1e+07,0,0.351044936032373,0,0,0,0.0949986648773147,0
"110",11100000,0,0.377297179197307,0,0.0833333333333333,0,0.129428824036175,0
"111",11200000,0,0.404915758697632,0,0.125,0,0.151197218464688,0
"112",11300000,0,0.435072263282994,0,0.25,0,0.199945085821949,0
"113",11400000,0,0.500891391246384,0,0.375,0,0.259897619323821,0
"114",11500000,0,0.572706915489575,0,0.416666666666667,0,0.295552036808081,0
"115",11600000,0,0.683518171480355,0.0833333333333333,0.416666666666667,0,0.356549380836895,0
"116",11700000,0,0.744422874515888,0.111111111111111,0.416666666666667,0,0.384412098053637,0
"117",11800000,1,0.757318376327513,0.25,0.416666666666667,0.969846310392954,0.736811791426811,0
"118",11900000,0,0.741771363732991,0.0277777777777778,0.416666666666667,0.883022221559489,0.634829394178056,0
"119",1.2e+07,0,0.693607878817441,0,0.416666666666667,0.75,0.569176173643799,0
"120",12100000,0,0.640107905464805,0,0.416666666666667,0.586824088833465,0.50109983158979,0
"121",12200000,0,0.588713818223606,0,0.416666666666667,0.413175911166535,0.430394897182845,0
"122",12300000,0,0.493333067230641,0,0.333333333333333,0.25,0.322978142754161,0
"123",12400000,0,0.400512642810366,0,0.291666666666667,0.116977778440511,0.238930693215585,0
"124",12500000,0,0.393759995028953,0,0.166666666666667,0.0301536896070459,0.170257131689051,0
"125",12600000,0,0.377217619157171,0,0.0416666666666667,0,0.11631278015772,0
"126",12700000,0,0.373588010161742,0,0,0,0.102081363668578,0
"127",12800000,0,0.387036531763619,0,0,0,0.106306689245173,0
"128",12900000,0,0.403613798726639,0,0.0416666666666667,0,0.124606067402296,0
"129",1.3e+07,0,0.438345662935301,0,0.0833333333333333,0,0.148609350148016,0
"130",13100000,0,0.465936257200898,0,0.0833333333333333,0,0.15727790473528,0
"131",13200000,0,0.511985930080368,0.0555555555555556,0.0833333333333333,0,0.189200757159619,0
"132",13300000,0,0.577295216849004,0.0833333333333333,0.25,0,0.270811518297656,0
"133",13400000,0,0.645779210246339,0.138888888888889,0.416666666666667,0,0.362147089931113,0
"134",13500000,0,0.725145685053224,0.0833333333333333,0.458333333333333,0,0.38271917410982,0
"135",13600000,1,0.757412229447554,0.0138888888888889,0.458333333333333,0,0.371038430559251,0
"136",13700000,0,0.766458933666537,0.0138888888888889,0.458333333333333,0,0.373880770546645,0
"137",13800000,0,0.727259192240772,0.25,0.458333333333333,0,0.435747395837089,0
"138",13900000,0,0.585606923992401,0,0.458333333333333,0,0.312696075019033,0
"139",1.4e+07,0,0.364661182262998,0,0.458333333333333,0,0.243278207300501,0
"140",14100000,0,0.336555551433091,0,0.416666666666667,0,0.221356788584195,0
"141",14200000,0,0.333911629203327,0,0.375,0,0.207435060224705,0
"142",14300000,0,0.336919340606862,0,0.375,0,0.208380038438414,0
"143",14400000,0,0.341373569584983,0,0.375,0,0.209779490971743,0
"144",14500000,0,0.351849906052457,0,0.208333333333333,0.0244717418524232,0.168395468494739,0
"145",14600000,0,0.369156279507558,0,0.0416666666666667,0.0954915028125263,0.143782037784263,0
"146",14700000,0,0.389007833877018,0,0,0.206107373853763,0.17168191616865,0
"147",14800000,0,0.407634297549929,0,0.0833333333333333,0.345491502812526,0.247508590157363,0
"148",14900000,0,0.455130682829207,0,0.166666666666667,0.5,0.337157616042238,0
"149",1.5e+07,0,0.50000643108832,0,0.166666666666667,0.654508497187474,0.399801182137852,0
"150",15100000,0,0.538764723849236,0,0.375,0.793892626146237,0.521226119458196,0
"151",15200000,0,0.660291890700646,0,0.583333333333333,0.904508497187474,0.659617247667184,1
"152",15300000,0,0.77274547606262,0.138888888888889,0.666666666666667,0.975528258147577,0.78708076468619,0
"153",15400000,0,0.810708903876743,0,0.666666666666667,1,0.763060142582206,0
"154",15500000,0,0.833142366019083,0.0138888888888889,0.666666666666667,0.975528258147577,0.766783427828255,0
"155",15600000,1,0.817603558749833,0.111111111111111,0.666666666666667,0.972908620850317,0.791624091493787,0
"156",15700000,0,0.742775059808033,0,0.666666666666667,0.894570254698197,0.708591879831657,0
"157",15800000,0,0.657760090213155,0.138888888888889,0.666666666666667,0.773474079061214,0.687471646139746,0
"158",15900000,0,0.50172640694098,0,0.666666666666667,0.6227427435704,0.547453812949219,0
"159",1.6e+07,0,0.401687691920841,0,0.583333333333333,0.458710327263834,0.438304494280144,0
"160",16100000,0,0.349058456571467,0,0.5,0.299152287673516,0.345456312040356,0
"161",16200000,0,0.317436389446281,0,0.5,0.16135921418713,0.292228593196632,0
"162",16300000,0,0.297361016069616,0,0.291666666666667,0.0602631243967556,0.188703084186831,0
"163",16400000,0,0.296587926437598,0,0.0833333333333333,0.00681934829863878,0.106213714419374,0
"164",16500000,0,0.304020610351031,0,0,0,0.0802243207593889,0
"165",16600000,0,0.308373536560537,0,0,0,0.081591945468672,0
"166",16700000,0,0.325730053486612,0,0,0,0.0870451050842321,0
"167",16800000,0,0.346298550430724,0,0.0833333333333333,0,0.119689515668739,0
"168",16900000,0,0.365724718538237,0,0.291666666666667,0,0.191248165402857,0
"169",1.7e+07,0,0.415486365739575,0,0.333333333333333,0,0.219973582548894,0
"170",17100000,0,0.493429535527254,0,0.333333333333333,0,0.244462167879996,0
"171",17200000,0,0.596180570322688,0,0.375,0,0.289836062926991,0
"172",17300000,0,0.738082474203374,0.125,0.5,0,0.412965815549916,0
"173",17400000,0,0.800108114093148,0.361111111111111,0.541666666666667,0,0.519726998242635,0
"174",17500000,1,0.806861594595591,0.0138888888888889,0.541666666666667,0,0.412756780622671,0
"175",17600000,0,0.804119227365155,0.0694444444444444,0.541666666666667,0,0.4293498993325,0
"176",17700000,0,0.785792911077831,0.236111111111111,0.541666666666667,0,0.475956232359571,0
"177",17800000,0,0.714865144667604,0,0.541666666666667,0,0.3794891811397,0
"178",17900000,0,0.555009210110161,0,0.541666666666667,0,0.329264822741694,0
"179",1.8e+07,0,0.518674824547017,0,0.458333333333333,0,0.291667004311195,0
"180",18100000,0,0.472710422649374,0,0.25,0,0.211770436007988,0
"181",18200000,0,0.453987904172002,0,0.208333333333333,0.00851345015804916,0.195471851202179,0
"182",18300000,0,0.441986507814775,0,0.208333333333333,0.0748914321351931,0.212556166102313,0
"183",18400000,0,0.438577643158733,0,0.166666666666667,0.198682681810372,0.237287474708627,0
"184",18500000,0,0.444153814503871,0,0.0416666666666667,0.363168504963959,0.2514452835388,0
"185",18600000,0,0.459485900345498,0,0.208333333333333,0.546134179731651,0.366111681434997,0
"186",18700000,0,0.488500554776399,0,0.333333333333333,0.722869177888269,0.470028305722738,0
"187",18800000,0,0.526929793766888,0,0.416666666666667,0.86950445861033,0.554354921446772,0
"188",18900000,0,0.610672575458828,0.138888888888889,0.416666666666667,0.966236114702178,0.654694131388485,0
"189",1.9e+07,0,0.750560114498622,0.0972222222222222,0.416666666666667,1,0.696161780310569,0
"190",19100000,0,0.815517030717632,0.555555555555556,0.416666666666667,0.966236114702178,0.849963687206663,0
"191",19200000,1,0.819798202729798,0.138888888888889,0.416666666666667,0.972908620850317,0.722494697094523,0
"192",19300000,0,0.79030427845255,0.0972222222222222,0.416666666666667,0.894570254698197,0.675524347059621,1
"193",19400000,0,0.733493721687633,0.0694444444444444,0.416666666666667,0.773474079061214,0.610901331437575,0
"194",19500000,0,0.638256069823389,0,0.416666666666667,0.6227427435704,0.511803119750284,0
"195",19600000,0,0.522886375263234,0,0.416666666666667,0.458710327263834,0.424019129795961,0
"196",19700000,0,0.451749016710901,0,0.416666666666667,0.299152287673516,0.351538064959899,0
"197",19800000,0,0.398019813905985,0,0.208333333333333,0.16135921418713,0.225909376223139,0
"198",19900000,0,0.36962414371575,0,0.0833333333333333,0.0602631243967556,0.145951848227753,0
"199",2e+07,0,0.348855474872106,0,0,0.00681934829863878,0.0964533065934554,0
"200",20100000,0,0.336067516732476,0,0,0,0.0902929823708893,0
"201",20200000,0,0.323593088050308,0,0,0,0.0863737023098889,0
"202",20300000,0,0.316937956909111,0,0,0,0.0842827590330781,0
"203",20400000,0,0.326989210048056,0,0,0,0.0874407133586213,0
"204",20500000,0,0.345873529013092,0,0.125,0,0.132647027553708,0
"205",20600000,0,0.365910219082368,0,0.416666666666667,0,0.230579588805864,0
"206",20700000,0,0.384073408473295,0,0.583333333333333,0,0.288650382104769,0
"207",20800000,0,0.433658322368413,0,0.625,0,0.317320272273111,0
"208",20900000,0,0.549134942250776,0,0.625,0,0.353601309693577,0
"209",2.1e+07,0,0.712386256143815,0.305555555555556,0.625,0,0.500893459314538,0
"210",21100000,1,0.772663914024911,0.111111111111111,0.625,0.966236114702178,0.762317273601618,0
"211",21200000,0,0.756405050063599,0,0.625,0.86950445861033,0.691907872334581,0
"212",21300000,0,0.700607916580573,0,0.625,0.722869177888269,0.628306616925722,0
"213",21400000,0,0.644483139605922,0,0.625,0.546134179731651,0.55514553701305,0
"214",21500000,0,0.574653077497862,0,0.625,0.363168504963958,0.475720874266022,0
"215",21600000,0,0.514586009098997,0,0.625,0.198682681810372,0.405169693692953,0
"216",21700000,0,0.45798112027441,0,0.5,0.074891432135193,0.309218766654535,0
"217",21800000,0,0.393647768780033,0,0.208333333333333,0.00851345015804916,0.176513877611142,0
"218",21900000,0,0.35953581036823,0,0.0416666666666667,0,0.110757418674273,1
"219",2.2e+07,0,0.331512528947132,0,0,0,0.0888618729180998,0
"220",22100000,0,0.323367890110262,0,0.0416666666666667,0,0.099393995761163,0
"221",22200000,0,0.313143567870999,0,0.375,0,0.200910044068913,0
"222",22300000,0,0.322818551061353,0,0.458333333333333,0,0.230131874562808,0
"223",22400000,0,0.368812264880572,0,0.458333333333333,0,0.244582415753581,0
"224",22500000,0,0.440691951348371,0,0.5,0,0.280256992055049,0
"225",22600000,0,0.641137842349493,0,0.5,0,0.34323411140266,0
"226",22700000,0,0.793971582942453,0.569444444444444,0.5,0,0.570163180559891,0
"227",22800000,1,0.78591752535243,0.0694444444444444,0.5,0.975528258147577,0.717036625425256,0
"228",22900000,0,0.759100110582175,0.111111111111111,0.5,0.904508497187474,0.699388686445552,0
"229",2.3e+07,0,0.726323420610148,0,0.5,0.793892626146237,0.619427415831667,0
"230",23100000,0,0.59817886885977,0,0.541666666666667,0.654508497187474,0.548464928432187,0
"231",23200000,0,0.516443179298812,0,0.541666666666667,0.5,0.474240516698289,0
"232",23300000,0,0.442800523826173,0,0.5,0.345491502812526,0.389467768676431,0
"233",23400000,0,0.371979838570506,0,0.166666666666667,0.206107373853763,0.218696162348501,0
"234",23500000,0,0.338187493021906,0,0.0833333333333333,0.0954915028125263,0.147143152714389,0
"235",23600000,0,0.329968439208113,0,0.0833333333333333,0.0244717418524232,0.12224749498823,0
"236",23700000,0,0.312516483269985,0,0.0833333333333333,0,0.109075692333348,0
"237",23800000,0,0.307979261013522,0,0.0833333333333333,0,0.107650164545651,0
"238",23900000,0,0.320298266121686,0,0.0833333333333333,0,0.111520612830052,0
"239",2.4e+07,0,0.332728025932515,0,0.0833333333333333,0,0.115425858595676,0
"240",24100000,0,0.363900854933225,0,0.0833333333333333,0,0.125219898087208,0
"241",24200000,0,0.393717195619208,0,0.125,0,0.14767879641079,0
"242",24300000,0,0.42461826239572,0,0.0833333333333333,0,0.144296404954698,0
"243",24400000,0,0.470483847983041,0,0.0833333333333333,0,0.15870669015962,0
"244",24500000,0,0.510920508034831,0,0.125,0,0.184502334958122,0
"245",24600000,0,0.599352439359063,0.0833333333333333,0.291666666666667,0,0.290832617028754,0
"246",24700000,0,0.65950179416771,0.125,0.5,0,0.388276933975413,0
"247",24800000,1,0.754786074068217,0.0277777777777778,0.541666666666667,0,0.400759108601713,0
"248",24900000,0,0.798721835786081,0,0.5,0,0.392744659672635,0
"249",2.5e+07,0,0.811173467537672,0.0416666666666667,0.5,0,0.409747824573417,0
"250",25100000,0,0.774516852369956,0.166666666666667,0.5,0,0.437504002873542,0
"251",25200000,0,0.615267600078558,0,0.5,0,0.335106065839286,0
"252",25300000,0,0.524264386695277,0,0.5,0,0.30651420894648,0
"253",25400000,0,0.469305317402108,0,0.458333333333333,0,0.276155839038267,0
"254",25500000,0,0.430745275107606,0,0.458333333333333,0,0.264040846939895,0
"255",25600000,0,0.400375651855644,0,0.458333333333333,0,0.254499162755059,0
"256",25700000,0,0.378445773819077,0,0.416666666666667,0.0244717418524232,0.242206731284995,0
"257",25800000,0,0.385523697933154,0,0.25,0.0954915028125263,0.214379673836283,0
"258",25900000,0,0.394063218805614,0,0.0416666666666667,0.206107373853763,0.186361290261998,0
"259",2.6e+07,0,0.407390755342228,0,0,0.345491502812526,0.22124997822294,0
"260",26100000,0,0.432184767642199,0,0,0.5,0.27758416139287,0
"261",26200000,0,0.460149697051239,0,0.25,0.654508497187474,0.413460883362124,0
"262",26300000,0,0.494123671159637,0,0.333333333333333,0.793892626146237,0.494109516990703,0
"263",26400000,0,0.527065980166252,0,0.375,0.904508497187474,0.552304410482523,0
"264",26500000,0,0.589236447072022,0,0.416666666666667,0.975528258147577,0.607241847517173,0
"265",26600000,0,0.657233801126088,0,0.458333333333333,1,0.649385310205092,0
"266",26700000,0,0.777669149241957,0.166666666666667,0.458333333333333,0.975528258147577,0.731899837991161,0
"267",26800000,1,0.79507553171141,0.0416666666666667,0.458333333333333,0.9567727288213,0.692202814214173,0
"268",26900000,0,0.771285635674539,0.138888888888889,0.458333333333333,0.834565303179429,0.676878403001136,0
"269",27050000,0,0.72768263438508,0.0138888888888889,0.458333333333333,0.654508497187474,0.567334674340947,0
"270",27200000,0,0.616906288231411,0.138888888888889,0.458333333333333,0.447735768366173,0.506838617203498,0
"271",27350000,0,0.465377964294794,0,0.458333333333333,0.25,0.353468206850569,0
"272",27500000,0,0.401528488697679,0,0.458333333333333,0.0954915028125263,0.284863377667612,1
"273",27650000,0,0.391770451793476,0,0.208333333333333,0.0109261996330972,0.176682102539884,0
"274",27800000,0,0.392885432625762,0,0.125,0,0.14741746884231,0
"275",27950000,0,0.397225993058564,0,0.0833333333333333,0,0.135690161111873,0
"276",28100000,0,0.417783455971217,0,0.0416666666666667,0,0.12905796307823,0
"277",28250000,0,0.451293405914275,0,0,0,0.126495243932321,0
"278",28400000,0,0.491222858346958,0,0.0416666666666667,0,0.152131531636482,0
"279",28550000,0,0.551213969457908,0,0.208333333333333,0,0.223344036172608,0
"280",28700000,0,0.65697815457649,0,0.375,0,0.308937760150491,0
"281",28850000,0,0.748664809995777,0,0.375,0,0.337744344371724,0
"282",2.9e+07,1,0.823976909490695,0.138888888888889,0.375,0.969846310392954,0.709754404921496,0
"283",29150000,0,0.850367095778517,0.0833333333333333,0.375,0.883022221559489,0.673312241355953,0
"284",29300000,0,0.827041259778276,0.763888888888889,0.375,0.75,0.838010444942531,0
"285",29450000,0,0.762867242575005,0,0.375,0.586824088833465,0.52657794321,0
"286",29600000,0,0.631993186612941,0,0.375,0.413175911166535,0.430901584091484,0
"287",29750000,0,0.478767629136789,0,0.375,0.25,0.331492945915117,0
"288",29900000,0,0.420485791180661,0,0.375,0.116977778440511,0.271388054127986,0
"289",30050000,0,0.386398901364821,0,0.375,0.0301536896070459,0.23339962196406,0
"290",30200000,0,0.36699612195989,0,0.333333333333333,0,0.204738668755171,0
"291",30350000,0,0.354219772006477,0,0.166666666666667,0,0.14836034033279,0
"292",30500000,0,0.350785303747439,0,0,0,0.0949170922727923,0
"293",30650000,0,0.355395536369769,0,0,0,0.0963655588321546,0
"294",30800000,0,0.36263667770442,0,0.0416666666666667,0,0.111731665097271,0
"295",30950000,0,0.387592632518229,0,0.208333333333333,0,0.171936644318373,0
"296",31100000,0,0.431305107340764,0,0.333333333333333,0,0.224943596016227,0
"297",31250000,0,0.486398406656942,0,0.5,0,0.29461728089184,0
"298",31400000,0,0.584222414501578,0,0.5,0,0.325352130014084,0
"299",31550000,0,0.680820998481383,0,0.5,0,0.355701969173782,0
"300",31700000,1,0.782476612988586,0.125,0.5,0,0.426913794042502,0
"301",31850000,0,0.771285306496224,0.166666666666667,0.5,0,0.43648869919657,0
"302",3.2e+07,0,0.667538157765118,0,0.5,0,0.35152869806862,0
"303",32150000,0,0.621249043794974,0,0.5,0,0.336985346541516,0
"304",32300000,0,0.556258275074349,0,0.5,0,0.316566213089741,0
"305",32450000,0,0.50261642456094,0,0.5,0,0.29971274103832,0
"306",32600000,0,0.447887978649018,0,0.458333333333333,0,0.269426829568305,0
"307",32750000,0,0.384631406704652,0,0.291666666666667,0,0.197188365779016,0
"308",32900000,0,0.328704343407436,0,0.166666666666667,0.00681934829863884,0.142486309817471,0
"309",33050000,0,0.29920568195393,0,0,0.0602631243967555,0.0976453197114724,0
"310",33200000,0,0.279663434429181,0,0,0.16135921418713,0.123268324662917,0
"311",33350000,0,0.261349752114959,0,0,0.299152287673515,0.160806973321907,0
"312",33500000,0,0.24937175769618,0,0,0.458710327263834,0.207174429754535,0
"313",33650000,0,0.259305531920075,0,0.416666666666667,0.6227427435704,0.392742493796895,0
"314",33800000,0,0.272656538187516,0,0.5,0.773474079061213,0.470476821105333,0
"315",33950000,0,0.310890269791134,0,0.5,0.894570254698197,0.520535909539722,0
"316",34100000,0,0.381334306600855,0,0.5,0.972908620850317,0.567281128917154,0
"317",34250000,0,0.603774852542955,0,0.5,1,0.645680350517842,0
"318",34400000,0,0.767824884216512,0,0.5,0.972908620850317,0.688710723266345,0
"319",34550000,1,0.730513482634283,0,0.5,0.969846310392954,0.676025903094056,0
"320",34700000,0,0.686426109427187,0,0.5,0.883022221559489,0.634895467704625,0
"321",34850000,0,0.637736083450719,0,0.541666666666667,0.75,0.590895227956824,1
"322",3.5e+07,0,0.577088599450562,0,0.583333333333333,0.586824088833465,0.533664291600777,0
"323",35150000,0,0.513712890934457,0,0.625,0.413175911166535,0.472285957191163,0
"324",35300000,0,0.418682377691985,0,0.625,0.25,0.39116133685043,0
"325",35450000,0,0.328771615623593,0,0.25,0.116977778440511,0.203299681599062,0
"326",35600000,0,0.311518665854726,0,0.25,0.0301536896070459,0.170600223163327,0
"327",35750000,0,0.284914284074958,0,0.25,0,0.152767680835744,0
"328",35900000,0,0.258880500240504,0,0.25,0,0.144588252944138,0
"329",36050000,0,0.259598001917867,0,0.25,0,0.144813681305586,0
"330",36200000,0,0.279474508692034,0,0.25,0,0.15105858427206,0
"331",36350000,0,0.289048303135063,0,0.375,0,0.1933396700622,0
"332",36500000,0,0.334114081725473,0,0.5,0,0.246771809687216,0
"333",36650000,0,0.388294235241945,0,0.625,0,0.303067550429873,0
"334",36800000,0,0.512103740467446,0,0.583333333333333,0,0.328875609261283,0
"335",36950000,0,0.665344316875476,0,0.541666666666667,0,0.36393047316878,0
"336",37100000,0,0.784724662758733,0.152777777777778,0.541666666666667,0,0.449438510024108,0
"337",37250000,1,0.800182489233593,0.277777777777778,0.5,0,0.4804772239167,0
"338",37400000,0,0.737214478856219,0.0416666666666667,0.416666666666667,0,0.36032891512851,0
"339",37550000,0,0.687525862142933,0,0.416666666666667,0,0.33162644307623,0
"340",37700000,0,0.627098891359325,0,0.416666666666667,0,0.312641187095938,0
"341",37850000,0,0.5220651772755,0,0.416666666666667,0,0.279641155444789,0
"342",3.8e+07,0,0.44028241784237,0,0.416666666666667,0,0.253946228122141,0
"343",38150000,0,0.365449445823471,0,0.291666666666667,0,0.191161678807775,0
"344",38300000,0,0.31790800962745,0,0.166666666666667,0,0.13695172436344,0
"345",38450000,0,0.268251573285453,0,3.00685402502647e-17,0,0.0689862210159753,0
"346",38600000,0,0.25565186245201,0,3.00685402502647e-17,0.0202535131927513,0.0713909319443851,0
"347",38750000,0,0.254348018477136,0,3.00685402502647e-17,0.0793732335844095,0.0895558208882355,0
"348",38900000,0,0.262494800700046,0,3.00685402502647e-17,0.172569633027358,0.121396342112997,0
"349",39050000,0,0.276540501742577,0,3.00685402502647e-17,0.292292493499057,0.163424435686602,0
"350",39200000,0,0.279871518937319,0,3.00685402502647e-17,0.428842580863358,0.207372999422644,0
"351",39350000,0,0.290082304302673,0,3.00685402502647e-17,0.571157419136643,0.255294283094184,0
"352",39500000,0,0.301309508317138,0,0.25,0.707707506500943,0.380269995132052,0
"353",39650000,0,0.324937044687498,0,0.5,0.827430366972643,0.50385484271176,0
"354",39800000,0,0.369509581730465,0,0.666666666666667,0.92062676641559,0.599503983822339,0
"355",39950000,0,0.438509038017974,0,0.791666666666667,0.979746486807249,0.679030266547705,0
"356",40100000,0,0.489638362714865,0,0.833333333333333,1,0.714548740411513,0
"357",40250000,0,0.765901910733118,0.305555555555556,0.833333333333333,0.979746486807249,0.890984301301816,0
"358",40400000,0,0.803938499903683,0.111111111111111,0.833333333333333,0.92062676641559,0.82326874082014,0
"359",40550000,1,0.816996060914001,0.263888888888889,0.833333333333333,0.972908620850317,0.891797920643949,0
"360",40700000,0,0.739581914826384,0.0138888888888889,0.833333333333333,0.894570254698197,0.764316512762299,0
"361",40850000,0,0.620310435630426,0,0.833333333333333,0.773474079061214,0.684432886218958,0
"362",4.1e+07,0,0.57885937694006,0,0.833333333333333,0.6227427435704,0.62405203473625,0
"363",41150000,0,0.515238474233208,0,0.833333333333333,0.458710327263834,0.55252674594244,0
"364",41300000,0,0.442514807936656,0,0.583333333333333,0.299152287673516,0.401001003014455,0
"365",41450000,0,0.361832498785672,0,0.333333333333333,0.16135921418713,0.253813001622068,1
"366",41600000,0,0.346031085882645,0,0.166666666666667,0.0602631243967556,0.164721354757652,0
"367",41750000,0,0.307418238594211,0,0.0416666666666667,0.00681934829863878,0.0965253902111513,0
"368",41900000,0,0.267437378834645,0,3.00685402502647e-17,0,0.0687304132224376,0
"369",42050000,0,0.246220979933478,0,3.00685402502647e-17,0,0.062064536067002,0
"370",42200000,0,0.235088993216218,0,3.00685402502647e-17,0,0.0585670313161316,0
"371",42350000,0,0.231299074076655,0,0.0416666666666667,0,0.0704673423556847,0
"372",42500000,0,0.233103863414302,0,0.0833333333333334,0,0.084125427634084,0
"373",42650000,0,0.228780803951496,0,0.333333333333333,0,0.161313470391619,0
"374",42800000,0,0.238765995351883,0,0.375,0,0.177541716397403,0
"375",42950000,0,0.293280294184056,0,0.416666666666667,0,0.207760346038232,0
"376",43100000,0,0.437431073074095,0,0.541666666666667,0,0.292323519870344,0
"377",43250000,0,0.600091721053139,0,0.666666666666667,0,0.382702219423162,0
"378",43400000,1,0.769103418841504,0,0.666666666666667,0.982962913144534,0.744635518209182,0
"379",43550000,0,0.777049024980906,0,0.666666666666667,0.933012701892219,0.731438295676292,0
"380",43700000,0,0.735279421000329,0.0833333333333333,0.666666666666667,0.853553390593274,0.719532067142234,0
"381",43850000,0,0.690315654326773,0.208333333333333,0.666666666666667,0.75,0.712143325908814,0
"382",4.4e+07,0,0.602727346964193,0,0.666666666666667,0.62940952255126,0.581281409792133,0
"383",44150000,0,0.426383808664434,0,0.625,0.5,0.472127295760066,0
"384",44300000,0,0.331656150068625,0,0.583333333333333,0.37059047744874,0.388615677920385,0
"385",44450000,0,0.273173612405738,0,0.333333333333333,0.25,0.25380731469296,0
"386",44600000,0,0.223263537332087,0,0.291666666666667,0.146446609406726,0.19250032770055,0
"387",44750000,0,0.187831508650253,0,0.25,0.0669872981077806,0.143312129228549,0
"388",44900000,0,0.168918319329574,0,0.125,0.017037086855466,0.0824031305254983,0
"389",45050000,0,0.16538193411785,0,3.00685402502647e-17,0,0.0366661095347799,0
"390",45200000,0,0.166627765634322,0,3.00685402502647e-17,0,0.0370575312781143,0
"391",45350000,0,0.180505158285642,0,3.00685402502647e-17,0,0.0414176017633255,0
"392",45500000,0,0.215685696120585,0,3.00685402502647e-17,0,0.0524708037964464,0
"393",45650000,0,0.259566190881923,0,3.00685402502647e-17,0,0.0662574029719891,0
"394",45800000,0,0.322826965512025,0,3.00685402502647e-17,0,0.0861329979966832,0
"395",45950000,0,0.371951818284746,0,3.00685402502647e-17,0,0.101567296502628,0
"396",46100000,0,0.455174308223573,0,0.0416666666666667,0,0.140805613045234,0
"397",46250000,0,0.550367601128073,0,0.25,0,0.236169167121036,0
"398",46400000,0,0.649898999090379,0,0.583333333333333,0,0.372168831210057,0
"399",46550000,0,0.751745523414063,0,0.625,0,0.417258542512272,0
"400",46700000,0,0.854189373844808,0.0277777777777778,0.666666666666667,0,0.471263289662472,0
"401",46850000,0,0.925898631427847,0.402777777777778,0.666666666666667,0,0.611612698113715,0
"402",4.7e+07,1,0.95238139915464,1,0.708333333333333,0,0.820662581949792,0
"403",47150000,0,0.94885861594187,0.458333333333333,0.708333333333333,0,0.649372160975667,0
"404",47300000,0,0.946727772277843,0.138888888888889,0.708333333333333,0,0.548337985631378,0
"405",47450000,0,0.908874606349738,0.0416666666666667,0.708333333333333,0,0.505899306554537,0
"406",47600000,0,0.868325924806991,0.111111111111111,0.75,0,0.528068973022578,0
"407",47750000,0,0.80790277924434,0.0972222222222222,0.791666666666667,0,0.51781228373418,0
"408",47900000,0,0.699127817400139,0,0.75,0,0.439999983328284,0
"409",48050000,0,0.58154645982894,0,0.541666666666667,0,0.337602432130193,0
"410",48200000,0,0.504791590463446,0,0.291666666666667,0.00681934829863884,0.237083447215432,0
"411",48350000,0,0.45075691543685,0,0.25,0.0602631243967555,0.223806748259253,0
"412",48500000,0,0.409648579120193,0,0.208333333333333,0.16135921418713,0.229562961393196,0
"413",48650000,0,0.373126679659381,0,0.208333333333333,0.299152287673515,0.261380858887765,1
"414",48800000,0,0.343337420245999,0,0.208333333333333,0.458710327263834,0.302152280621479,0
"415",48950000,0,0.328936971148222,0,0.416666666666667,0.6227427435704,0.414619656939104,0
"416",49100000,0,0.310063082822876,0,0.5,0.773474079061213,0.482229401385812,0
"417",49250000,0,0.317713701952725,0,0.5,0.894570254698197,0.522679730495366,0
"418",49400000,0,0.379792653367713,0,0.5,0.972908620850317,0.566796764387798,0
"419",49550000,0,0.571662011111407,0,0.5,1,0.635590973093717,0
"420",49700000,0,0.800356511994267,0.0416666666666667,0.5,0.972908620850317,0.712022724431734,0
"421",49850000,1,0.786621386527349,0,0.5,0.979746486807249,0.696764660724164,0
"422",5e+07,0,0.741087026895922,0,0.416666666666667,0.92062676641559,0.637701809858693,0
"423",50150000,0,0.688531076665791,0,0.416666666666667,0.827430366972642,0.591908588183199,0
"424",50300000,0,0.575979341859465,0.0555555555555556,0.416666666666667,0.707707506500943,0.536386092810446,0
"425",50450000,0,0.476725527976944,0.0972222222222222,0.416666666666667,0.571157419136643,0.475391059532856,0
"426",50600000,0,0.367652772561536,0,0.375,0.428842580863357,0.352771990121666,0
"427",50750000,0,0.293506420556818,0,0.166666666666667,0.292292493499057,0.2211190643676,0
"428",50900000,0,0.241606385551545,0,0.0833333333333334,0.172569633027358,0.141015607170198,0
"429",51050000,0,0.223219078067779,0,0.0833333333333334,0.0793732335844094,0.105957665132698,0
"430",51200000,0,0.223403763288601,0,0.0416666666666667,0.0202535131927514,0.0743501058479941,0
"431",51350000,0,0.231482469759843,0,3.00685402502647e-17,0,0.0574339152566918,0
"432",51500000,0,0.229042322134814,0,3.00685402502647e-17,0,0.0566672571454193,0
"433",51650000,0,0.2418865673303,0,3.00685402502647e-17,0,0.0607027280576246,0
"434",51800000,0,0.260364153365026,0,3.00685402502647e-17,0,0.0665081109225603,0
"435",51950000,0,0.297393786649563,0,3.00685402502647e-17,0,0.0781422712593541,0
"436",52100000,0,0.350116122272907,0,3.00685402502647e-17,0,0.0947068454007996,0
"437",52250000,0,0.414938130046557,0,3.00685402502647e-17,0,0.115072956671646,0
"438",52400000,0,0.472178061045285,0,0.0416666666666667,0,0.146147939423001,0
"439",52550000,0,0.532833753189015,0,0.458333333333333,0,0.296115529219677,0
"440",52700000,0,0.625445969027988,0,0.583333333333333,0,0.364486052655912,0
"441",52850000,0,0.720202744180748,0,0.666666666666667,0,0.420439317453417,0
"442",5.3e+07,0,0.808441768565888,0,0.666666666666667,0,0.448162707252356,0
"443",53150000,1,0.872851920960324,0.111111111111111,0.666666666666667,0.975528258147577,0.809805356738016,0
"444",53300000,0,0.851405436826486,0.0416666666666667,0.666666666666667,0.904508497187474,0.758935424868692,0
"445",53450000,0,0.650114485541739,0,0.666666666666667,0.793892626146237,0.647847890456142,0
"446",53600000,0,0.471386644600505,0,0.666666666666667,0.654508497187474,0.547901838211131,0
"447",53750000,0,0.409612172083738,0,0.666666666666667,0.5,0.47994894415134,0
"448",53900000,0,0.389509144023678,0,0.666666666666667,0.345491502812526,0.425088598498653,0
"449",54050000,0,0.331307621649744,0,0.666666666666667,0.206107373853763,0.36301012393773,0
"450",54200000,0,0.288524838119699,0,0.625,0.0954915028125263,0.301723499628162,0
"451",54350000,0,0.25522801581363,0,0.208333333333333,0.0244717418524232,0.138038306854901,0
"452",54500000,0,0.237540361872818,0,0.0833333333333334,0,0.0855193095017145,0
"453",54650000,0,0.230458579923227,0,3.00685402502647e-17,0,0.0571122242900307,0
"454",54800000,0,0.231364624115627,0,3.00685402502647e-17,0,0.0573968899070409,0
"455",54950000,0,0.240011987011856,0,3.00685402502647e-17,0,0.0601137627869886,0
"456",55100000,0,0.26328607385853,0,3.00685402502647e-17,0,0.0674261349076097,0
"457",55250000,0,0.299420604400712,0,0.0833333333333334,0,0.104961161861344,0
"458",55400000,0,0.352537568039289,0,0.333333333333333,0,0.200196006038047,1
"459",55550000,0,0.429695279422619,0,0.583333333333333,0,0.302984095793221,0
"460",55700000,0,0.54422852125399,0,0.625,0,0.352059785149766,0
"461",55850000,0,0.671949167264298,0.111111111111111,0.625,0,0.427097173030923,0
"462",5.6e+07,0,0.844316116530856,0.166666666666667,0.625,0,0.498707036004409,0
"463",56150000,1,0.906376654994531,0.0972222222222222,0.625,0.979746486807249,0.804208904843005,0
"464",56300000,0,0.860010046035708,0.0138888888888889,0.625,0.92062676641559,0.744884573610156,0
"465",56450000,0,0.737083203256492,0,0.625,0.827430366972642,0.672618181118737,0
"466",56600000,0,0.598407768995045,0,0.625,0.707707506500943,0.59143327797429,0
"467",56750000,0,0.500910383919005,0,0.625,0.571157419136643,0.517899041222091,0
"468",56900000,0,0.41441105044191,0,0.666666666666667,0.428842580863357,0.459100077050764,0
"469",57050000,0,0.349475617864595,0,0.583333333333333,0.292292493499057,0.369614227151023,0
"470",57200000,0,0.289138910728957,0,0.333333333333333,0.172569633027358,0.234495903794433,0
"471",57350000,0,0.243062262969241,0,0.0833333333333334,0.0793732335844094,0.112192098862093,0
"472",57500000,0,0.194327972584703,0,0.0416666666666667,0.0202535131927514,0.0652149246170888,0
"473",57650000,0,0.156335866889291,0,0.0833333333333334,0,0.0600060642732981,0
"474",57800000,0,0.134207592339652,0,0.0833333333333334,0,0.0530536893440382,0
"475",57950000,0,0.126770283513949,0,0.0833333333333334,0,0.0507169974657363,0
"476",58100000,0,0.121114933502214,0,0.0833333333333334,0,0.0489401705581716,0
"477",58250000,0,0.118470745512276,0,0.0833333333333334,0,0.0481094059972812,0
"478",58400000,0,0.106548765774168,0,0.0833333333333334,0,0.0443636971824149,0
"479",58550000,0,0.112224611057427,0,0.333333333333333,0,0.124693247178603,0
"480",58700000,0,0.124366758918101,0,0.666666666666667,0,0.233236507916767,0
"481",58850000,0,0.142134638363671,0,0.75,0,0.265001006114087,0
"482",5.9e+07,0,0.204925335846499,0,0.833333333333333,0,0.31091100447974,0
"483",59150000,0,0.313506113758977,0,0.916666666666667,0,0.37120756545215,0
"484",59350000,0,0.739043440544004,0.180555555555556,0.916666666666667,0,0.5616329395831,0
"485",59550000,1,0.78873997533366,0.138888888888889,0.875,0.966236114702178,0.854641781739339,0
"486",59750000,0,0.725868088005686,0.138888888888889,0.875,0.86950445861033,0.804496720885008,0
"487",59950000,0,0.656263805441672,0.138888888888889,0.875,0.722869177888269,0.736557464476574,0
"488",60150000,0,0.46775057366106,0,0.875,0.546134179731651,0.578165075681258,0
"489",60350000,0,0.36736647291816,0,0.875,0.363168504963958,0.489140788177407,0
"490",60550000,0,0.321766813698557,0,0.875,0.198682681810372,0.423135052512101,0
"491",60750000,0,0.258574835762146,0,0.625,0.074891432135193,0.285841418101579,0
"492",60950000,0,0.208332451114761,0,0.25,0.00851345015804916,0.131381606787931,1
"493",61150000,0,0.153913798639338,0,0.166666666666667,0,0.0854271810259168,0
"494",61350000,0,0.140448069870628,0,0.0833333333333334,0,0.0550143546202955,0
"495",61550000,0,0.137167399033241,0,0.0416666666666667,0,0.0408925693134853,0
"496",61750000,0,0.150285782986174,0,0.125,0,0.07119626514123,0
"497",61950000,0,0.19659525093137,0,0.375,0,0.164292295363707,0
"498",62150000,0,0.244288566694029,0,0.416666666666667,0,0.192367873517217,0
"499",62350000,0,0.311344731000815,0,0.458333333333333,0,0.226526970856793,0
"500",62550000,0,0.500036291675582,0,0.458333333333333,0,0.285811054342621,0
"501",62750000,0,0.681744212790257,0,0.458333333333333,0,0.342900982089662,0
"502",62950000,1,0.741134783489675,0.138888888888889,0.458333333333333,0.972908620850317,0.710870867388383,0
"503",63150000,0,0.689392609631845,0.0833333333333333,0.458333333333333,0.894570254698197,0.652546765620749,0
"504",63350000,0,0.637198303935567,0,0.458333333333333,0.773474079061214,0.571919377735772,0
"505",63550000,0,0.584116673632648,0,0.458333333333333,0.6227427435704,0.507884373539499,0
"506",63750000,0,0.531029348044611,0,0.458333333333333,0.458710327263834,0.439668578096018,0
"507",63950000,0,0.441160826614934,0,0.416666666666667,0.299152287673516,0.348211413023965,0
"508",64150000,0,0.358723259951636,0,0.333333333333333,0.16135921418713,0.252836124998889,0
"509",64350000,0,0.294552973476974,0,0.0833333333333334,0.0602631243967556,0.122365602462975,0
"510",64550000,0,0.239113016151563,0,0.0416666666666667,0.00681934829863878,0.0750649046688874,0
"511",64750000,0,0.218204961010058,0,6.01370805005293e-17,0,0.0532623193761382,0
"512",64950000,0,0.210410036559468,0,6.01370805005293e-17,0,0.0508132699844116,0
"513",65150000,0,0.221464040760065,0,6.01370805005293e-17,0,0.0542862737877477,0
"514",65350000,0,0.240029715989335,0,6.01370805005293e-17,0,0.0601193329681732,0
"515",65550000,0,0.289012341047294,0,0.0416666666666667,0,0.0885999929368341,1
"516",65750000,0,0.33361377445701,0,0.208333333333333,0,0.154977289505008,0
"517",65950000,0,0.388238312924362,0,0.333333333333333,0,0.211412649393501,0
"518",66150000,0,0.483299204315444,0,0.5,0,0.293643557585425,0
"519",66350000,0,0.585273806647703,0,0.583333333333333,0,0.351864556390565,0
"520",66550000,0,0.709483280708634,0,0.583333333333333,0,0.390889326781071,0
"521",66750000,1,0.782980954337779,0,0.583333333333333,0.9814586436739,0.722340919874283,0
"522",66950000,0,0.784170550896009,0.361111111111111,0.583333333333333,0.927209702273244,0.819126205682096,0
"523",67150000,0,0.724584451378749,0,0.583333333333333,0.841276571609327,0.659950483449373,0
"524",67350000,0,0.580671212095821,0,0.583333333333333,0.730032518865576,0.579783855178168,0
"525",67550000,0,0.483725764000196,0,0.583333333333333,0.601728006526317,0.509013665924086,0
"526",67750000,0,0.433531310488705,0,0.583333333333333,0.465878793317665,0.450561511358163,0
"527",67950000,0,0.38377174529818,0,0.541666666666667,0.332560193914507,0.379950026182035,0
"528",68150000,0,0.358473757894881,0,0.375,0.211659838942567,0.281652491043171,0
"529",68350000,0,0.301800014832872,0,0.25,0.11214435464779,0.193307015652949,0
"530",68550000,0,0.254720015617165,0,0.0833333333333334,0.0413943492472736,0.103922390545915,0
"531",68750000,0,0.23725622885685,0,6.01370805005293e-17,0.00465702698183462,0.0607111131902373,0
"532",68950000,0,0.21784050712179,0,6.01370805005293e-17,0,0.0531478133820091,0
"533",69350000,0,0.161035142655943,0,6.01370805005293e-17,0,0.0353004122720001,0
"534",69550000,0,0.137021720055922,0,6.01370805005293e-17,0,0.0277557518478175,0
"535",69750000,0,0.104866877339131,0,6.01370805005293e-17,0,0.0176531782442127,0
"536",69950000,0,0.0858933908209559,0,6.01370805005293e-17,0,0.0116919908188805,1
"537",70150000,0,0.0693213178398357,0,0.0416666666666667,0,0.0195763391266521,0
"538",70350000,0,0.068532722486813,0,0.25,0,0.0847838106715865,0
"539",70550000,0,0.087518475703462,0,0.541666666666667,0,0.182386183186702,0
"540",70750000,0,0.115694507192079,0,0.708333333333333,0,0.243602862632963,0
"541",70950000,0,0.227332767467215,0.0694444444444444,0.75,0,0.313587403978929,0
"542",71150000,0,0.378573600093135,0.111111111111111,0.791666666666667,0,0.387287120005533,0
"543",71350000,0,0.705648208834537,0,0.833333333333333,0,0.4682306879851,0
"544",71550000,1,0.810994370722593,0.138888888888889,0.833333333333333,0.9814586436739,0.853325426986824,0
"545",71750000,0,0.758764893061397,0,0.833333333333333,0.927209702273244,0.7762346661853,0
"546",71950000,0,0.664260514531391,0,0.833333333333333,0.841276571609327,0.719543882979234,0
"547",72150000,0,0.539357344278412,0,0.833333333333333,0.730032518865576,0.645349935814766,0
"548",72550000,0,0.328986616206464,0,0.833333333333333,0.601728006526317,0.538943209645767,0
"549",72750000,0,0.246101838828011,0,0.791666666666667,0.465878793317665,0.457129193962226,0
"550",72950000,0,0.175242175091648,0,0.583333333333333,0.332560193914507,0.327524182287533,0
"551",73150000,0,0.0851331760361811,0,0.291666666666667,0.211659838942567,0.169590848806251,0
"552",73350000,0,0.0632348152862951,0,0.125,0.11214435464779,0.0790802343099744,0
"553",73550000,0,0.0488659997681703,0,0.0833333333333334,0.0413943492472736,0.0392461187622514,0
"554",73750000,0,0.0444371967275464,0,0.0416666666666667,0.00465702698183462,0.0132212868242735,0
"555",73950000,0,0.0486796925517235,0,6.01370805005293e-17,0,0,0
"556",74150000,0,0.0497275680808861,0,6.01370805005293e-17,0,0.000329226914714598,0
"557",74350000,0,0.0618721822013206,0,6.01370805005293e-17,0,0.00414488414307357,0
"558",74750000,0,0.122103795687442,0,6.01370805005293e-17,0,0.0230687617644582,0
"559",74950000,0,0.163901379279971,0,6.01370805005293e-17,0,0.0362009412129945,0
"560",75150000,0,0.231977129133236,0,0.0416666666666667,0,0.0706803771752526,0
"561",75350000,0,0.315081724655405,0,0.0833333333333334,0,0.109881653044631,0
"562",75550000,0,0.404565603906937,0,0.333333333333333,0,0.216542441516938,0
"563",75750000,0,0.495294468266527,0,0.583333333333333,0,0.323594385803637,0
"564",75950000,0,0.617984379570454,0,0.75,0,0.414505921349998,0
"565",76150000,0,0.734904848756889,0.111111111111111,0.75,0,0.486150054216471,0
"566",76350000,0,0.850414936159339,0,0.75,0,0.487532147176936,0
"567",76550000,1,0.899701012938621,0.305555555555556,0.75,0.97778640289307,0.906224066484231,0
"568",76750000,0,0.875151746702687,0.611111111111111,0.75,0.913119387157998,0.974194650386264,0
"569",76950000,0,0.805621503100246,0,0.75,0.811744900929367,0.728496897737083,0
"570",77150000,0,0.673869541556571,0,0.75,0.682670512183198,0.646549135629486,0
"571",77350000,0,0.577729481327935,0,0.75,0.537365046793212,0.570690540539874,0
"572",77550000,0,0.52984835112202,0,0.708333333333333,0.388739533021843,0.495860026754207,0
"573",77750000,0,0.467297531485583,0,0.666666666666667,0.25,0.419526542810246,0
"574",77950000,0,0.361747750227294,0,0.416666666666667,0.133474064085087,0.271207369825257,1
"575",78150000,0,0.29261823131489,0,0.166666666666667,0.0495155660487905,0.144563106756636,0
"576",78350000,0,0.239495205665742,0,6.01370805005293e-17,0.00558458688743579,0.0617059919557299,0
"577",78550000,0,0.21316870975183,0,6.01370805005293e-17,0,0.0516800040940942,0
"578",78750000,0,0.19435453105086,0,6.01370805005293e-17,0,0.0457688688168355,0
"579",78950000,0,0.187780340338957,0,6.01370805005293e-17,0,0.0437033558197387,0
"580",79150000,0,0.186414260066226,0,6.01370805005293e-17,0,0.0432741537046718,0
"581",79350000,0,0.198897562759139,0,6.01370805005293e-17,0,0.0471962218479369,0
"582",79550000,0,0.224765901671938,0,6.01370805005293e-17,0,0.0553236694044781,0
"583",79750000,0,0.268907769568376,0,0.166666666666667,0,0.121556577319769,0
"584",79950000,0,0.328537153966808,0,0.625,0,0.284292763775313,0
"585",80150000,0,0.418696721909527,0,0.708333333333333,0,0.338801654404376,0
"586",80350000,0,0.539901843356537,0,0.708333333333333,0,0.376882501862942,0
"587",80550000,0,0.702875042336344,0,0.708333333333333,0,0.428086258404681,0
"588",80750000,1,0.8129916002276,0.125,0.708333333333333,0.975528258147577,0.808452863509185,0
"589",80950000,0,0.795453299464151,0.0416666666666667,0.708333333333333,0.904508497187474,0.754447142327979,0
"590",81150000,0,0.687387566107522,0,0.708333333333333,0.793892626146237,0.672649585606383,0
"591",81350000,0,0.569613110462136,0,0.708333333333333,0.654508497187474,0.591854180956319,0
"592",81550000,0,0.491367100623759,0,0.708333333333333,0.5,0.518726174717571,0
"593",81750000,0,0.418705986692022,0,0.708333333333333,0.345491502812526,0.447352859753859,0
"594",81950000,0,0.343664605543035,0,0.708333333333333,0.206107373853763,0.379983551888364,0
"595",82150000,0,0.317688073734391,0,0.541666666666667,0.0954915028125263,0.28470406015719,0
"596",82350000,0,0.27434165584614,0,0.0833333333333334,0.0244717418524232,0.104770386541587,0
"597",82550000,0,0.239903911004127,0,6.01370805005293e-17,0,0.0600798069118976,0
"598",82750000,0,0.218778571053404,0,6.01370805005293e-17,0,0.0534425391251106,0
"599",82950000,0,0.216834453929439,0,6.01370805005293e-17,0,0.0528317264238365,0
"600",83150000,0,0.22993988892365,0,6.01370805005293e-17,0,0.0569492592882453,0
"601",83350000,0,0.250739358492669,0,0.0416666666666667,0,0.0765751907416214,0
"602",83550000,0,0.265619369656251,0,0.0833333333333334,0,0.0943413163560721,1
"603",83750000,0,0.285456084308422,0,0.458333333333333,0,0.218393142897776,0
"604",83950000,0,0.322775617158298,0,0.583333333333333,0,0.269391527258161,0
"605",84150000,0,0.411061994926853,0,0.666666666666667,0,0.323311889379257,0
"606",84350000,0,0.581792110420038,0,0.666666666666667,0,0.376952753783834,0
"607",84550000,0,0.775054079737745,0,0.708333333333333,0,0.450763839023174,0
"608",84750000,1,0.821309702665387,0.0972222222222222,0.708333333333333,0.969846310392954,0.800553739260171,0
"609",84950000,0,0.790385573531629,0,0.708333333333333,0.883022221559489,0.733013222463329,0
"610",85150000,0,0.744334666957038,0,0.708333333333333,0.75,0.6767511075049,0
"611",85350000,0,0.684028971642483,0,0.708333333333333,0.586824088833465,0.606536508776724,0
"612",85550000,0,0.564376334242726,0,0.708333333333333,0.413175911166535,0.514385752565398,0
"613",85750000,0,0.452782717818913,0,0.666666666666667,0.25,0.414966204117202,0
"614",85950000,0,0.380723277408612,0,0.625,0.116977778440511,0.337441547144938,0
"615",86150000,0,0.332177041641555,0,0.25,0.0301536896070459,0.177090777751186,0
"616",86350000,0,0.303492640955762,0,0.125,0,0.119331582513085,0
"617",86550000,0,0.285976831532949,0,0.0416666666666667,0,0.0876462809699241,0
"618",86750000,0,0.279270648769409,0,0.0416666666666667,0,0.0855392980322494,0
"619",86950000,0,0.281341751221646,0,6.01370805005293e-17,0,0.073098960339549,0
"620",87150000,0,0.292135342996652,0,6.01370805005293e-17,0,0.0764901464297651,0
"621",87350000,0,0.322246543814271,0,0.0833333333333334,0,0.11213273272014,0
"622",87550000,0,0.36399825305102,0,0.416666666666667,0,0.229978877499968,0
"623",87750000,0,0.386402982638602,0,0.5,0,0.263200205085668,0
"624",87950000,0,0.451667913733858,0,0.5,0,0.28370547628016,0
"625",88150000,0,0.544333453855828,0,0.5,0,0.312819611523967,0
"626",88350000,1,0.703384669123534,0.0416666666666667,0.5,0,0.375882186379692,0
"627",88550000,0,0.701574821720219,0.0972222222222222,0.5,0,0.392768288957403,0
"628",88750000,0,0.655624554281918,0.111111111111111,0.5,0,0.382695080405854,0
"629",88950000,0,0.592486907547146,0,0.5,0,0.32794871087827,0
"630",89150000,0,0.528086084316605,0,0.5,0,0.307714929530009,0
"631",89350000,0,0.459150334180372,0,0.5,0,0.286056341559142,0
"632",89550000,0,0.411266151568743,0,0.5,0,0.271011843175393,0
"633",89750000,0,0.33160123463432,0,0.416666666666667,0,0.219800215891366,0
"634",89950000,0,0.289709902156642,0,0.0833333333333334,0,0.101910203564721,0
"635",90150000,0,0.250110862756379,0,6.01370805005293e-17,0.0244717418524232,0.0709753369477248,0
"636",90350000,0,0.233802655743084,0,6.01370805005293e-17,0.0954915028125263,0.0881648939169024,0
"637",90550000,0,0.228544781132179,0,6.01370805005293e-17,0.206107373853763,0.121266810260905,0
"638",90750000,0,0.238964415238465,0,6.01370805005293e-17,0.345491502812526,0.168332925800365,0
"639",90950000,0,0.268678254643068,0,6.01370805005293e-17,0.5,0.226212845513911,0
"640",91150000,0,0.301070046113601,0,0.0833333333333334,0.654508497187474,0.311116232552114,0
"641",91350000,0,0.347291095223084,0,0.458333333333333,0.793892626146237,0.48725004617015,0
"642",91550000,0,0.42488430074154,0,0.791666666666667,0.904508497187474,0.651110918691054,0
"643",91750000,0,0.547390834339583,0,0.791666666666667,0.975528258147577,0.711914003695281,0
"644",91950000,0,0.747412708833071,0.0277777777777778,0.791666666666667,1,0.791173925743904,0
"645",92150000,0,0.855571701818256,0.25,0.791666666666667,0.975528258147577,0.887286134963169,0
"646",92350000,1,0.878566441678879,0.361111111111111,0.791666666666667,0.942728012826605,0.919114850362549,0
"647",92550000,0,0.786185475306087,0.0555555555555556,0.791666666666667,0.784032373365578,0.744229299526583,0
"648",92750000,0,0.64165497392161,0,0.791666666666667,0.560268340127662,0.611061901675145,0
"649",92950000,0,0.542898734878453,0,0.791666666666667,0.322697556478732,0.505392950607509,0
"650",93150000,0,0.469087538439933,0,0.791666666666667,0.12574462591445,0.420322886780599,0
"651",93350000,0,0.39763530180053,0,0.791666666666667,0.0145290912869741,0.362931388383798,0
"652",93550000,0,0.369564927053624,0,0.708333333333333,0,0.323365174799089,0
"653",93750000,0,0.346285068609521,0,0.375,0,0.211322610956388,1
"654",93950000,0,0.345638560782909,0,0.458333333333333,0,0.237301582400521,0
"655",94150000,0,0.345096881650375,0,0.541666666666667,0,0.263313489462067,0
"656",94350000,0,0.358263308607112,0,0.625,0,0.293632279687453,0
"657",94550000,0,0.375717932519687,0,0.625,0,0.299116263059822,0
"658",94750000,0,0.504632556036977,0.111111111111111,0.625,0,0.374528780925335,0
"659",94950000,1,0.763909607274903,0.25,0.625,0.969846310392954,0.804337894695073,0
"660",95150000,0,0.699176534218559,0.166666666666667,0.625,0.883022221559489,0.730538792715953,0
"661",95450000,0,0.565799913648486,0,0.625,0.75,0.594476047320781,0
"662",95750000,0,0.5073093747408,0,0.625,0.586824088833465,0.524831743753554,0
"663",96050000,0,0.434486535669368,0,0.625,0.413175911166535,0.447394214057462,0
"664",96350000,0,0.3926343808303,0,0.625,0.25,0.382977443436944,0
"665",96650000,0,0.369420604342448,0,0.583333333333333,0.116977778440511,0.32079936798398,0
"666",96950000,0,0.359166481983131,0,0.166666666666667,0.0301536896070459,0.159388364118616,0
"667",97250000,0,0.36678393548419,0,0.0833333333333334,0,0.126125719139663,0
"668",97550000,0,0.379377691837324,0,3.00685402502647e-17,0,0.103900395588098,0
"669",97850000,0,0.398178740516785,0,3.00685402502647e-17,0,0.109807405607775,0
"670",98150000,0,0.416151534638107,0,3.00685402502647e-17,0,0.115454190357193,0
"671",98450000,0,0.468448382588334,0,0.0416666666666667,0,0.144976129893065,0
"672",98750000,0,0.506619157684805,0,0.333333333333333,0,0.248606151099694,0
"673",99050000,0,0.54725866506575,0,0.541666666666667,0,0.326829716699694,0
"674",99350000,0,0.597473834588859,0,0.583333333333333,0,0.355697623817674,0
"675",99650000,0,0.657930987682135,0,0.583333333333333,0,0.374692362631007,0
"676",100250000,0,0.801987084291741,0.222222222222222,0.583333333333333,0,0.489771565723203,0
"677",100550000,1,0.853375443954763,0.472222222222222,0.583333333333333,0,0.584463308226284,0
"678",100850000,0,0.756993278267644,0.138888888888889,0.583333333333333,0,0.449453086105154,0
"679",101150000,0,0.652059842706751,0,0.583333333333333,0,0.372847736153631,0
"680",101450000,0,0.543682122881156,0,0.583333333333333,0,0.338797067606675,0
"681",101750000,0,0.474106148406899,0,0.583333333333333,0,0.316937330665661,0
"682",102050000,0,0.3832830336199,0,0.583333333333333,0,0.288402058074663,0
"683",102350000,0,0.296077231955816,0,0.541666666666667,0,0.247912244199448,0
"684",102650000,0,0.222168289518482,0,0.25,0,0.133053822058037,0
"685",102950000,0,0.156147574885388,0,0.0416666666666667,0,0.0468558584281153,0
"686",103250000,0,0.0970911949286892,0,3.00685402502647e-17,0,0.0152101744154699,0
"687",103550000,0,0.0475029905092564,0,3.00685402502647e-17,0.00465702698183462,0.00109346636132237,0
"688",103850000,0,0.0201705388395279,0,3.00685402502647e-17,0.0413943492472735,0.00404833690018301,0
"689",104150000,0,0,0,3.00685402502647e-17,0.11214435464779,0.0199396534357366,0
"690",104450000,0,0.012320114548064,0,3.00685402502647e-17,0.211659838942566,0.05507673616894,0
"691",104750000,0,0.0307785510403146,0,3.00685402502647e-17,0.332560193914507,0.0988611968947031,0
"692",105050000,0,0.0461592892244114,0,3.00685402502647e-17,0.465878793317665,0.145580318366197,0
"693",105350000,0,0.0539442869465358,0,0.125,0.601728006526317,0.229981194224232,0
"694",105650000,0,0.095409462754341,0,0.208333333333333,0.730032518865576,0.309502401226289,0
"695",105950000,0,0.153022337773018,0,0.75,0.841276571609327,0.532738352745017,0
"696",106250000,0,0.218766179774302,0,1,0.927209702273244,0.658939286674772,0
"697",106550000,0,0.300773661955118,0,1,0.9814586436739,0.701749029528123,0
"698",107150000,0,0.656751432457601,0,1,1,0.819417371994245,0
"699",107450000,0,0.902835594636884,0.347222222222222,1,0.9814586436739,1,1
"700",107750000,1,1,0.208333333333333,1,0.9814586436739,0.986890787505814,0
"701",108350000,0,0.820246826411332,0,1,0.927209702273244,0.847915564908016,0
"702",108650000,0,0.747865629216781,0,1,0.841276571609327,0.798175556419023,0
"703",109250000,0,0.630881200633447,0,1,0.730032518865576,0.72646956017598,0
"704",109550000,0,0.592898302160973,0,1,0.601728006526317,0.674224527542025,0
"705",109850000,0,0.535390473716468,0,0.875,0.465878793317665,0.574201477395135,0
"706",110150000,0,0.475371584696359,0,0.791666666666667,0.332560193914507,0.487275617878915,0
"707",110450000,0,0.422243335318138,0,0.25,0.211659838942567,0.262414802452694,0
"708",110750000,0,0.375096025809811,0,3.00685402502647e-17,0.11214435464779,0.137789248986223,0
"709",111050000,0,0.338614677877724,0,3.00685402502647e-17,0.0413943492472736,0.10409875175076,0
"710",111350000,0,0.31255926692297,0,3.00685402502647e-17,0.00465702698183468,0.0843702083796779,0
"711",111650000,0,0.295351594496216,0,3.00685402502647e-17,0,0.0775006448417222,0
"712",111950000,0,0.265911358100532,0,3.00685402502647e-17,0,0.0682509601919007,0
"713",112250000,0,0.260535445210875,0,3.00685402502647e-17,0,0.0665619282742925,0
"714",112550000,0,0.258365556818739,0,3.00685402502647e-17,0,0.0658801815966231,0
"715",112850000,0,0.239145930288183,0,3.00685402502647e-17,0,0.0598416606382434,0
"716",113150000,0,0.240761795638,0,3.00685402502647e-17,0,0.0603493415115046,0
"717",113450000,0,0.253971487525533,0,3.00685402502647e-17,0,0.0644996303420284,0
"718",113750000,0,0.245533361102955,0,3.00685402502647e-17,0,0.0618484964518261,0
"719",114050000,0,0.266586241020751,0,3.00685402502647e-17,0,0.0684629983733771,0
"720",114350000,0,0.284551072499052,0,3.00685402502647e-17,0,0.0741072813787212,0
"721",114650000,0,0.288432632824287,0,3.00685402502647e-17,0,0.0753268099339656,0
"722",115250000,0,0.33251900668362,0,0.0416666666666667,0,0.102269140558225,0
"723",115550000,0,0.380819162125881,0,0.166666666666667,0,0.156717473311455,0
"724",115850000,0,0.433220628420623,0,0.166666666666667,0,0.173181235079539,0
"725",116150000,0,0.473328962357089,0,0.166666666666667,0,0.18578267739664,0
"726",116450000,0,0.549718034537164,0,0.166666666666667,0,0.209782988360914,0
"727",116750000,0,0.610796248319968,0,0.166666666666667,0,0.228972855210901,0
"728",117050000,0,0.611408604942013,0.0138888888888889,0.166666666666667,0,0.233528930991102,0
"729",117350000,0,0.576127986051007,0,0,0,0.165716413359714,0
"730",117650000,0,0.545078062652742,0,0,0,0.155960988981493,0
"731",117950000,0,0.539078435437364,0,0,0,0.154075995294184,0
"732",118250000,0,0.527484149627331,0,0,0,0.150433243040387,0
"733",118850000,1,0.522205677488391,0,0,0,0.148774825558209,0
