"","D","mean.day","sd.day","N","se.day","CL95.day"
"1",2e+05,97.3246257711403,NA,1,NA,NA
"2",3e+05,124.493377146965,107.832455640454,2,76.2490606153629,222.646157512377
"3",4e+05,169.578594538168,46.2254004618734,3,26.6882474000608,62.8071455702481
"4",5e+05,170.62093210084,65.4242299022365,4,32.7121149511183,69.7372171324894
"5",6e+05,165.67061793647,74.5768586487459,5,33.3517850973978,67.205460308264
"6",7e+05,177.718348529437,77.6017870531591,6,31.680796901393,61.5614998097971
"7",8e+05,191.835225829799,81.6510553532323,7,30.8611981072317,58.4689656614053
"8",9e+05,198.410005178048,79.4046944845685,8,28.0737989640422,52.2045777696216
"9",1e+06,204.882779309936,83.9749951630614,9,27.9916650543538,51.3118832177176
"10",1100000,211.97034024384,80.3513837115282,10,25.4093385674583,46.0534383098775
"11",1200000,220.08853911479,72.4310280431426,11,21.8387766544376,39.2199274527728
"12",1300000,230.095334673815,77.4193607317967,12,22.3490443794958,39.8324236782297
"13",1400000,251.277242751475,101.040686184688,12,29.1679336839172,51.9856452288502
"14",1500000,115.808717002302,123.20332235246,12,35.5657356626245,63.3883680790088
"15",1600000,365.966284108433,147.317481124977,11,44.4178918138012,79.7694175872442
"16",1700000,412.288194061002,160.257855762211,11,48.3195615700136,86.7763670700228
"17",1800000,411.972302881375,143.440042383601,11,43.2488000453709,77.6698634286484
"18",1900000,338.17353591307,137.61341710898,11,41.4920064244691,74.5148644352746
"19",2e+06,228.578292378527,126.114088655307,11,38.0248284406608,68.2882121304085
"20",2100000,227.207365784304,111.48784546457,12,32.1837687951703,57.3607306175269
"21",2200000,230.172732414098,93.776450814354,12,27.0709295606575,48.2481808758192
"22",2300000,234.47972046397,80.9451200775174,12,23.3668434331706,41.6464342657461
"23",2400000,269.948096643635,72.6963385475485,12,20.9856253147637,37.4024188460226
"24",2500000,239.198437798074,64.9729576309839,12,18.7560772891474,33.4287231452442
"25",2600000,252.8246248899,59.2579723108501,12,17.1063031326503,30.4883511964877
"26",2700000,338.859614461996,44.1200839917225,12,12.7363711846449,22.6998758665233
"27",2800000,468.41071587945,57.5431228531829,12,16.6112687346484,29.6060575493105
"28",2900000,515.798917245645,67.3327540487334,13,18.6747459416088,33.0717312495653
"29",3e+06,533.956010565065,82.688990297382,13,22.9337995718119,40.6142315585912
"30",3100000,454.961489181014,94.0656497067817,13,26.0891171752027,46.2020888773812
"31",3200000,464.476563212329,105.903278227738,13,29.3722846069107,52.0163597268093
"32",3300000,468.78215668212,123.204116393206,13,34.1706737695336,60.5139873418396
"33",3400000,555.686797004384,132.725866364992,14,35.4724798786103,62.4780383512672
"34",3500000,560.595190999559,144.280490877295,14,38.5605831756001,67.9171459885753
"35",3600000,568.169285214431,150.35936839023,14,40.1852315291407,70.7786556007363
"36",3700000,574.201719557955,146.161874257507,14,39.0634040343089,68.8027694634981
"37",3800000,581.089058315025,133.895352475817,14,35.7850381889885,63.0285504713571
"38",3900000,532.238225867612,115.883850198117,14,30.9712617215421,54.549997187889
"39",4e+06,386.707784572783,90.4826872761937,14,24.182515373009,42.592909435013
"40",4100000,325.945375746293,69.4750154380904,14,18.5679789078689,32.7039694512839
"41",4200000,300.318255027341,62.4668495473562,14,16.694967788383,29.4050159821143
"42",4300000,518.158011302837,60.0338602017124,14,16.0447240343065,28.2597350673351
"43",4400000,533.401266755947,68.3729025097513,14,18.2734268379132,32.1851719049575
"44",4500000,536.777157381402,81.851917830677,14,21.8758452123404,38.5301479011379
"45",4600000,540.037482985601,96.224362603058,14,25.7170426515247,45.2956878842857
"46",4700000,543.150991571459,109.360377288156,14,29.2277902500438,51.4792032137047
"47",4800000,546.306250016415,124.567466172449,14,33.2920557111327,58.6376351648004
"48",4900000,549.517884418132,140.160305160915,14,37.4594172241305,65.9776512370815
"49",5e+06,552.88384668284,154.542953116118,14,41.3033415786273,72.7479941638088
"50",5100000,556.857984117416,164.609146248536,14,43.9936448565277,77.4864525954831
"51",5200000,564.710701269529,166.441944801152,14,44.4834808738751,78.3492057377048
"52",5300000,648.142751736112,158.170571103956,14,42.2728632672408,74.4556225408174
"53",5400000,620.631494273768,123.627340745067,14,33.0407966218572,58.1950899841539
"54",5500000,641.893379727632,121.184952881149,14,32.3880410081146,57.045384905485
"55",5600000,652.757563354882,115.97409095383,13,32.165425504566,56.9628262221638
"56",5700000,819.003728629062,124.369205282247,12,35.9022970743027,63.9882172947547
"57",5800000,843.552740742603,116.053655436345,12,33.5018046033069,59.7098494362689
"58",5900000,856.696340549456,109.042270131682,12,31.4777920067872,56.1024769730145
"59",6e+06,779.824199868581,130.327650486104,12,37.6223520455018,67.0538498649556
"60",6100000,730.867711575908,140.76017749106,12,40.6339631828216,72.4214069174555
"61",6200000,808.018164062503,146.757233019268,12,42.3651639945995,75.5069045806173
"62",6300000,821.10213811561,146.031713451343,12,42.1557245356776,75.1336232393189
"63",6400000,814.133586559951,133.43650196758,12,38.5198001653522,68.6533604808058
"64",6500000,804.527701263815,121.056339549765,12,34.9459551130837,62.2837409183288
"65",6600000,747.559559258202,108.53346433426,12,31.3309124247338,55.8406953217417
"66",6700000,718.876247037749,91.9683227371299,12,26.5489679446002,47.3178951829936
"67",6800000,685.525881805789,72.829253523251,12,21.0239945632642,37.4708038801448
"68",6900000,693.252195974286,45.9550427702707,12,13.2660781570183,23.6439660115249
"69",7e+06,706.792635670118,45.7926520120222,13,12.7005965283712,22.4919105410474
"70",7100000,804.89242605394,58.72070623036,13,16.2861936342324,28.8417642003709
"71",7200000,822.068938468879,71.5477879134333,12,20.6540673058715,36.8114871327982
"72",7300000,836.500041569244,85.1984819135438,13,23.6298073177672,41.8468149197689
"73",7400000,817.248612728125,101.382497723677,13,28.1184456905637,49.7958945166625
"74",7500000,833.555035698468,118.193371553616,13,32.7809431966561,58.052867058907
"75",7600000,851.870842007568,135.132311800017,13,37.4789599359193,66.3727417973734
"76",7700000,855.371787892528,147.323405897538,13,40.8601610799667,72.3606238219161
"77",7800000,853.852081014518,153.629434932871,13,42.6091388516173,75.4579469665708
"78",7900000,856.712756756959,152.986243414024,13,42.4307496207598,75.1420315201608
"79",8e+06,861.563228825157,145.793297930238,13,40.435785485113,71.6090829085479
"80",8100000,876.0120818143,136.551920451202,14,36.4950358453148,64.2790765398209
"81",8200000,841.512690379442,126.103640714665,14,33.7026156270795,59.3607585061004
"82",8300000,764.2645011531,106.612540288206,14,28.4933999208644,50.1857140833059
"83",8400000,796.343302876061,84.5636191230163,14,22.6005778674266,39.8066268722681
"84",8500000,807.012454218519,63.2006278925446,14,16.8910783002065,29.750427414321
"85",8600000,815.859678619749,40.2010991109959,14,10.7441956746492,18.9238607425084
"86",8700000,843.766640426504,44.5562209667803,15,11.5043667849519,20.1677342843777
"87",8800000,842.67074048076,44.2974495432118,15,11.4375522906882,20.0506051114433
"88",8900000,824.496342568199,48.3973923664112,14,12.9347471891699,22.7821013279708
"89",9e+06,839.316002072539,62.9680050264324,14,16.8289072241121,29.6409248678439
"90",9100000,887.780434903462,71.8934376652318,14,19.2143294357633,33.8423931873278
"91",9200000,897.119578441146,77.9354858043795,14,20.8291347251266,36.6865661107862
"92",9300000,905.621222483566,81.7886869402774,13,22.6841003473879,40.1720308631066
"93",9400000,916.044831639012,80.6230852442593,13,22.360820602637,39.5995239668812
"94",9500000,925.640675548893,78.1371435802689,13,21.671344438227,38.3785076015906
"95",9600000,939.239653635243,68.4116539768137,13,18.9739789425155,33.6016529640524
"96",9700000,951.378289591757,57.0416550996119,13,15.8205086383833,28.0170670892117
"97",9800000,955.211402907673,53.7568457309737,13,14.9094664377102,26.4036720308865
"98",9900000,971.326534501485,54.1146901001853,13,15.0087146086201,26.5794339312414
"99",1e+07,1044.9560477639,55.1130718872912,13,15.2856158952278,27.0698076670867
"100",10100000,1139.34543461367,56.9822563489925,13,15.8040343890712,27.9878922909312
"101",10200000,1212.2945175324,61.6269774279078,13,17.0922482360141,30.2692332136551
"102",10300000,1164.84150414982,55.8084565573849,14,14.9154374087423,26.2707110875337
"103",10400000,1169.43162510366,57.0305894119477,15,14.7252348677911,25.8140782226379
"104",10500000,1205.91475360877,72.3781794104427,16,18.0945448526107,31.5909704878214
"105",10600000,1221.02098956657,80.0960819496917,16,20.0240204874229,34.9596105024129
"106",10700000,1235.66687931904,93.5264666378339,16,23.3816166594585,40.8215828506973
"107",10800000,1249.34720022478,106.471593033134,16,26.6178982582835,46.4717540659192
"108",10900000,1263.79882710794,120.671581460609,17,29.2671574336715,50.913343924713
"109",1.1e+07,1272.96285337596,134.939648452496,17,32.7276719796092,56.9332783045068
"110",11100000,1282.51568643542,148.159674746048,17,35.9339993197124,62.5110269113488
"111",11200000,1295.93822215399,157.618373545188,17,38.2280707449925,66.5018089928626
"112",11300000,1306.89636615037,162.022429563585,17,39.2962112241093,68.3599533547273
"113",11400000,1310.71893016374,158.733389897985,17,38.4985019330437,66.9722529065371
"114",11500000,1315.61504882894,147.876208395387,18,34.8547565775111,60.4403648985752
"115",11600000,1319.08710219566,127.746985823256,18,30.1102533172555,52.2130944634877
"116",11700000,1327.02595634858,111.977944523087,18,26.3934546385353,45.767929141595
"117",11800000,1340.66360097501,91.3001354674738,18,21.5196483041004,37.3164389513493
"118",11900000,1335.97943572794,75.2285458344492,18,17.7315382994473,30.7476152544167
"119",1.2e+07,1292.04513236318,62.7604012428216,18,14.7927684362626,25.6516013864436
"120",12100000,1195.81561377757,57.2789195529628,18,13.5007708116463,23.4111953257601
"121",12200000,1203.41730477355,59.4147735446895,18,14.004196425371,24.2841673611593
"122",12300000,1218.32955170013,68.2573401633167,17,16.5548366598276,28.7989052025103
"123",12400000,1243.11506609979,83.3355707913371,17,20.2118447496365,35.1606610728528
"124",12500000,1275.0666622889,94.331611367575,17,22.8787763237193,39.8000731771091
"125",12600000,1349.54080247014,105.160390907031,17,25.5051411377019,44.3689150726403
"126",12700000,1354.83275986729,116.978882595078,17,28.3715464062491,49.355332957462
"127",12800000,1331.63637529355,129.452067587459,17,31.3967381245701,54.6179768183197
"128",12900000,1292.59642050255,140.693476630047,17,34.1231802930032,59.3609139527807
"129",1.3e+07,1287.14259497838,149.362480608179,17,36.2257225912817,63.0185106767234
"130",13100000,1294.47264858361,154.362978641015,17,37.4385215071687,65.1283038281769
"131",13200000,1291.97430686626,154.09876469286,17,37.3744402121097,65.0168275762766
"132",13300000,1304.46638651593,148.04670560255,17,35.9066002778845,62.4633633538969
"133",13400000,1255.11598366907,136.12364286169,17,33.0148328036827,57.4328252055303
"134",13500000,1100.25329776839,132.196633531169,17,32.0623931411811,55.7759547624619
"135",13600000,1104.44486932438,117.737724943163,17,28.5555927094458,49.6755011444122
"136",13700000,1201.53896010554,97.5366830006866,17,23.6561203755422,41.1523461181348
"137",13800000,1226.24984795505,98.3426291993405,17,23.8515910405784,41.4923882017821
"138",13900000,1233.79981251198,92.6873299450939,17,22.4799795011822,39.1063235422863
"139",1.4e+07,1442.70967086697,114.698093380668,17,27.8183737685559,48.3930301162502
"140",14100000,1708.22140143434,101.557031352818,18,23.9372218489176,41.5086652517382
"141",14200000,1666.22748489805,93.6976626403398,19,21.4957180365899,37.1689513642792
"142",14300000,1289.10410798514,75.614683055041,19,17.3471980044622,29.9956092574736
"143",14400000,1286.48270147261,74.1202567390377,19,17.0043530944608,29.4027848743271
"144",14500000,1287.43850214241,71.0648673174508,19,16.3033986880471,28.1907416108166
"145",14600000,1291.06210105654,65.9302596407958,19,15.1254388997698,26.1538926902537
"146",14700000,1296.21569264724,57.4272426934993,19,13.174713026692,22.7808285768311
"147",14800000,1302.59347786165,57.8932035785735,19,13.2816117850963,22.9656707274989
"148",14900000,1308.54982659517,54.981174632523,19,12.6135465273858,21.8104971701542
"149",1.5e+07,1317.36704883566,53.5702685663949,19,12.2898624768026,21.2508044577246
"150",15100000,1323.43342706119,51.9724695177251,19,11.9233022354743,20.6169731170447
"151",15200000,1327.87294947433,48.0682678942738,18,11.3297993959775,19.646592802842
"152",15300000,1333.52148064763,53.726496236287,18,12.663456606024,21.9592392344867
"153",15400000,1345.71617155308,51.2084481700873,18,12.0699469850362,20.9300558005544
"154",15500000,1364.25737532771,51.5845625094078,18,12.1585979849812,21.0837822732492
"155",15600000,1431.00260868177,58.1214825689847,18,13.6993648190483,23.7555699664883
"156",15700000,1572.76385246692,57.6298923773398,18,13.5834958996893,23.5546458902898
"157",15800000,1599.67543706484,60.1158594965146,18,14.1694439689477,24.5707171125586
"158",15900000,1561.13896084727,69.1097348528876,18,16.2893207201604,28.2467182373511
"159",1.6e+07,1527.24666289135,90.4969375696365,18,21.3303327440352,36.9881537284739
"160",16100000,1546.4647728951,106.236981793556,18,25.0402967463384,43.421467286729
"161",16200000,1619.90179995174,120.264460889407,18,28.3466052768812,49.1548165817924
"162",16300000,1635.47793338652,135.898467420582,18,32.0315759553176,55.5447901267217
"163",16400000,1640.43564197724,146.548721816449,18,34.5418649902106,59.8977909842207
"164",16500000,1645.21259800652,154.326209132613,18,36.3750363308279,63.0766266906794
"165",16600000,1641.20326000893,156.514036304236,17,37.9602296220072,66.0358707737978
"166",16700000,1652.09226158887,151.257491544773,17,36.6853302532393,63.8180472568205
"167",16800000,1657.96258138424,146.104445374011,17,35.4355329793726,61.6438915129716
"168",16900000,1656.33310543997,137.660440697751,17,33.387561027406,58.0812257305174
"169",1.7e+07,1669.52197663541,136.243756312227,18,32.1129613275677,55.6859175388515
"170",17100000,1674.64126289666,133.713369004876,19,30.6759506785589,53.0427928429074
"171",17200000,1671.22284280972,115.728529312766,19,26.5499454820489,45.9083818771143
"172",17300000,1477.9329459549,94.7741376415036,19,21.7426783389752,37.5959785262769
"173",17400000,1620.36733425848,77.8621068203084,19,17.8627923768891,30.8871404042728
"174",17500000,1495.11718166339,63.6587268397175,19,14.6043135351994,25.2527977234589
"175",17600000,1448.62207078801,55.2607203458473,19,12.6776787123584,21.921390235465
"176",17700000,1422.33223833831,50.1108384173914,19,11.496214770395,19.8784821677866
"177",17800000,1548.67243815314,48.486780292523,19,11.1236302838299,19.234234107003
"178",17900000,1566.43574524329,60.9198441100625,18,14.3589449596842,24.8993238840127
"179",1.8e+07,1569.19863472068,67.1726530977519,18,15.832746171904,27.4549889295118
"180",18100000,1571.88445754482,71.6883059586783,18,16.8970957583858,29.3006388121484
"181",18200000,1575.48005574824,73.230179770907,18,17.2605189011728,29.9308376578578
"182",18300000,1577.93292247389,77.3006386698371,18,18.2199352644976,31.5945266570928
"183",18400000,1580.94642160595,79.4270144423336,18,18.7211268405253,32.4636247290257
"184",18500000,1583.80557667582,79.8616370276754,18,18.8235683663093,32.6412648506941
"185",18600000,1586.76842345068,77.9315129054458,18,18.3686337478559,31.8523792854436
"186",18700000,1590.90164127922,72.0722168961458,18,16.9875844341375,29.4575519315804
"187",18800000,1595.43427517039,65.7010385323429,17,15.934842445978,27.7203590979698
"188",18900000,1792.26685774844,67.6671165342477,17,16.4116864030402,28.5498800529635
"189",1.9e+07,1767.7724719502,54.5504461079392,17,13.2304265427998,23.0157390026968
"190",19100000,1802.9022841614,52.7091547431345,17,12.7838477907629,22.2388676019311
"191",19200000,1845.92046101009,47.6461982179899,17,11.5559004654052,20.1027221754729
"192",19300000,1908.74606842809,41.5165595834126,17,10.0692447279211,17.5165258551876
"193",19400000,1931.14087637312,40.6811608977592,17,9.86663078554167,17.1640572782277
"194",19500000,1944.74450775709,43.9207514524689,17,10.65234690559,18.5308943254493
"195",19600000,1926.26277671095,51.9568688122978,17,12.6013916523214,21.9214656762846
"196",19700000,1927.1222460568,52.8430825462045,18,12.4552340024072,21.5981679954797
"197",19800000,1929.14456838075,60.0685095846996,18,14.1582834877034,24.5513641282005
"198",19900000,1948.00916173425,67.3007956863935,18,15.8629496696997,27.507363715832
"199",2e+07,1950.56737143382,76.5966636971609,18,18.054006772176,31.3067960972569
"200",20100000,1949.18756973258,88.3368064162816,18,20.8211849484387,36.1052590657404
"201",20200000,1957.5825261384,99.7841544823595,18,23.5193507631475,40.7840502096465
"202",20300000,2010.49888032896,109.867552549815,18,25.8960304801146,44.9053640114251
"203",20400000,2008.04124161377,121.171100542707,18,28.5603022925283,49.5253807994688
"204",20500000,1969.81878327044,133.373765323694,18,31.4364979642557,54.5128870393222
"205",20600000,1982.87437768671,144.557008165376,19,33.1636521143925,57.3443590208761
"206",20700000,1973.90642712914,155.097129872312,19,35.5817218708742,61.5255227773561
"207",20800000,2015.76768682167,163.711514956268,19,37.5579973467537,64.9427655473044
"208",20900000,2057.48679593163,173.65405804904,19,39.8389731669215,68.8868756802434
"209",2.1e+07,2061.75966732426,171.691376733172,19,39.3887031924878,68.1082990934071
"210",21100000,2077.39509936368,174.776302456372,19,40.0964336912119,69.3320591204654
"211",21200000,2218.99919032573,167.961537222929,19,38.5330193240259,66.6287080401601
"212",21300000,2288.46098653987,158.367886335231,19,36.3320848651267,62.8230000512695
"213",21400000,2262.15622134978,145.934026670902,19,33.4795618253911,57.890608867642
"214",21500000,2276.85599660012,130.287684555041,18,30.709101751321,53.2515357388807
"215",21600000,2284.08514552096,113.664848921508,18,26.7910618183141,46.4574052817792
"216",21700000,2303.28708088369,105.247859581363,18,24.8071584051171,43.01719057391
"217",21800000,2238.87711385499,110.541853842376,18,26.0549648189587,45.1809662642566
"218",21900000,2304.08074134974,124.468297520076,18,29.3374590730634,50.8730200892307
"219",2.2e+07,2324.42504657204,140.148381827098,18,33.0332903874208,57.2818266676554
"220",22100000,2341.51962077535,152.476537601844,18,35.9390645700366,62.3206239267782
"221",22200000,2350.89640921666,159.799267566863,18,37.6650485750574,65.3135899754889
"222",22300000,2369.48143547429,161.542315039046,18,38.0758888042277,66.0260130650274
"223",22400000,2377.98403232316,155.472301610035,17,37.7075718468271,65.5963456086994
"224",22500000,2403.10348222556,145.087536370071,17,35.1888963184969,61.2148407188156
"225",22600000,2403.36810582503,119.187354592914,17,28.9071795426194,50.2871239642005
"226",22700000,2217.74334052764,72.6197560710104,17,17.6128779286685,30.639480910251
"227",22800000,2243.44774650309,44.1402980327671,17,10.7055947726672,18.623524673166
"228",22900000,2251.36831999438,33.1879390342951,17,8.04925753735047,14.0025425518853
"229",2.3e+07,2253.39000236742,42.0149996633936,16,10.5037499158484,18.3383255177678
"230",23100000,2253.3496337574,59.1908424289223,17,14.3558879649258,24.9735992625651
"231",23200000,2257.92143487855,71.7653046879419,17,17.4056430284129,30.2789736838887
"232",23300000,2258.904057221,85.4413154866633,17,20.7225628554844,36.0491097249141
"233",23400000,2266.44809646838,101.800438020037,17,24.6902328641622,42.9512951588564
"234",23500000,2268.24944452595,115.277243233769,17,27.9588382401674,48.6373830558402
"235",23600000,2281.29742232178,128.117182774596,17,31.0729810021307,54.0547667505095
"236",23700000,2296.14557554233,137.851663795785,17,33.4339394410092,58.1619059307663
"237",23800000,2276.05916232557,142.20320942507,18,33.517617896986,58.1216813756761
"238",23900000,2290.73501964088,144.753814200106,18,34.1188012078374,59.1641714759294
"239",2.4e+07,2297.17362785533,142.587935570605,18,33.6082987191218,58.27892768916
"240",24100000,2283.44300811168,136.387373909578,18,32.1468123198959,55.7446173126959
"241",24200000,2239.05012237868,126.604690687676,18,29.8410117717604,51.7462124980552
"242",24300000,2252.56498446229,115.448086381466,18,27.2113749184482,47.1862549321063
"243",24400000,2278.5343333009,106.922917072251,18,25.201973242012,43.701824613922
"244",24500000,2226.38490998481,95.9023254625209,19,22.0015023758777,38.0435196608955
"245",24600000,2190.6694449833,80.7721086652854,19,18.5303925857192,32.0415098303394
"246",24700000,2150.34770756782,77.7476966417542,19,17.8365448818139,30.8417549993179
"247",24800000,2142.5832957641,51.3885882132081,19,11.7893506775052,20.385353083006
"248",24900000,2154.80108625983,56.2636451331704,19,12.9077654384591,22.3192407430612
"249",2.5e+07,2181.26294930243,61.4229973303527,20,13.7345997412457,23.6883147329415
"250",25100000,2251.51499883833,71.0865458548533,20,15.8954348817108,27.415146519646
"251",25200000,2346.99513059711,72.5144209555665,20,16.2147174605682,27.9658190080482
"252",25300000,2335.08765807147,75.4503479012234,19,17.3094969345484,29.9304191004561
"253",25400000,2339.80946268305,80.0158262363337,19,18.3568894972678,31.7414999471978
"254",25500000,2343.02274966083,87.0878424410638,19,19.9793212848205,34.5468999855104
"255",25600000,2347.24369990729,92.2234595192786,18,21.7372778701883,37.6938224616264
"256",25700000,2356.70463220877,98.7364829379057,18,23.2724122119677,40.3558430549747
"257",25800000,2379.32376582326,105.89053435524,18,24.9586383020192,43.279866350262
"258",25900000,2382.04322381949,112.115158767174,18,26.4257963460251,45.8240117195288
"259",2.6e+07,2391.90950141444,118.890318221387,18,28.0227167439231,48.5931732641889
"260",26100000,2397.74971812314,126.417874495175,18,29.7969787729094,51.6698564772575
"261",26200000,2405.0868829503,133.764163255171,18,31.5285156391586,54.6724515405367
"262",26300000,2415.27612868338,134.44860404243,18,31.6898398798225,54.9521980351372
"263",26400000,2417.93116783914,135.462150906724,18,31.9287351667534,55.3664576579966
"264",26500000,2411.27534823785,132.097425901332,18,31.1356618773731,53.9912181295018
"265",26600000,2445.01333499941,132.001957653266,17,32.0151773054544,55.6938177770545
"266",26700000,2488.8155208833,150.672780419446,17,36.5435169749926,63.5713479241356
"267",26800000,2509.19919618717,155.475416613484,17,37.7083273461357,65.5976598803782
"268",26900000,2606.81848866508,152.476463543891,17,36.9809743889472,64.3323517838226
"269",27050000,2607.18691698345,165.109524235176,16,41.277381058794,72.0655057899828
"270",27200000,2639.37150051176,172.531426286144,16,43.1328565715361,75.3049501994097
"271",27350000,2681.54479985194,132.566203636469,16,33.1415509091172,57.861292738706
"272",27500000,2687.15950399927,123.948308346787,16,30.9870770866966,54.0998320611774
"273",27650000,2681.33957501424,124.110989551088,17,30.101336424651,52.3644873081715
"274",27800000,2703.82807314796,136.72793002724,17,33.1613939690806,57.6877839946379
"275",27950000,2710.63017594558,142.841368275029,16,35.7103420687572,62.3461032920843
"276",28100000,2720.49923097814,143.525150875974,16,35.8812877189935,62.6445545123622
"277",28250000,2701.75113214069,137.14043943161,15,35.4095092006795,62.0746526991507
"278",28400000,2642.63418465307,127.283044726184,15,32.8643408319389,57.6128443850323
"279",28550000,2627.13876365987,113.008552593817,15,29.1786828116571,51.1517002816163
"280",28700000,2751.41072882705,98.5539665154201,15,25.4465247344604,44.6090392368856
"281",28850000,2791.77680796604,93.2421375421622,15,24.0750163910384,42.2047160476143
"282",2.9e+07,2687.13211188123,63.7481022529359,15,16.4596892251965,28.85466405082
"283",29150000,2544.83224780943,46.4322591507055,15,11.9887577611646,21.0168960575217
"284",29300000,2564.50962167396,45.2643457144637,15,11.6872038086062,20.4882567937287
"285",29450000,2614.95015159399,56.1873751635065,16,14.0468437908766,24.5241552776939
"286",29600000,2654.24859780031,58.2008794613887,16,14.5502198653472,25.40299134914
"287",29750000,2634.544010137,60.8070992715287,16,15.2017748178822,26.5405305049678
"288",29900000,2627.84273127791,69.3244376126559,16,17.331109403164,30.2581009987418
"289",30050000,2629.77964167114,81.001203866516,16,20.250300966629,35.3546698973187
"290",30200000,2635.4220144284,94.1604783477006,16,23.5401195869252,41.0983105244034
"291",30350000,2648.25652446149,106.398214381003,17,25.8053574276462,44.8911733499047
"292",30500000,2645.0432440894,122.910421801542,17,29.8101559751164,51.8579478396595
"293",30650000,2658.46706901024,136.248692188429,17,33.0451617203037,57.4855855928788
"294",30800000,2662.48660315235,147.158811298656,17,35.6912542779234,62.0887460039312
"295",30950000,2676.46637020004,152.701588393622,17,37.0355751850879,64.427335696038
"296",31100000,2688.65854310364,152.669590067005,17,37.0278144509418,64.4138350707181
"297",31250000,2682.85008620264,146.021526808413,18,34.4176039351475,59.6823144109158
"298",31400000,2698.33410644823,136.09852051805,18,32.0787289225898,55.6265563712125
"299",31550000,2663.66095285041,119.159590879537,18,28.0861849181117,48.7032311152279
"300",31700000,2538.64380668265,93.302558037042,18,21.9916238300146,38.1348745340513
"301",31850000,2648.70447483497,69.3689042173611,18,16.3504075251921,28.3526466428011
"302",3.2e+07,2684.59005091793,53.4284416761648,18,12.593204472482,21.8374175664243
"303",32150000,2663.89637769842,44.0656903563194,18,10.3863828228734,18.0106484575422
"304",32300000,2657.27188290207,36.680827380632,18,8.64575392679269,14.9922872362219
"305",32450000,2660.31495879544,38.9850969256755,18,9.18887546711998,15.9340945332735
"306",32600000,2664.2198448183,45.6392525460525,18,10.7572749878664,18.6537990628362
"307",32750000,2673.39124401949,46.4862707805481,18,10.9569191003332,18.9999946525404
"308",32900000,2682.71264605121,47.2922647800814,18,11.1468937078884,19.3294227056834
"309",33050000,2688.89697005435,49.5855759634807,18,11.687432337606,20.2667510714475
"310",33200000,2694.91058695774,51.2446223593097,19,11.7563226454808,20.3282432291326
"311",33350000,2701.62187901382,55.1217381413054,19,12.6457940079085,21.8662573468149
"312",33500000,2703.2827594968,59.0262180021894,19,13.541543120576,23.4151265284195
"313",33650000,2707.87338729646,59.4770190898796,19,13.6449639829381,23.5939549349257
"314",33800000,2694.39425901014,63.9228196495376,19,14.6649005809742,25.3575607722613
"315",33950000,2696.77412167356,66.8702083577357,19,15.3410779244673,26.5267612033026
"316",34100000,2716.39914764367,72.4333890838263,19,16.617359113398,28.7336208838101
"317",34250000,2783.61771695501,66.2297031824293,19,15.1941359596265,26.2726790305069
"318",34400000,2978.35155573081,74.9248550819391,19,17.1889406137685,29.7219612105594
"319",34550000,2991.35093226109,57.7899311419443,19,13.2579194632584,22.9247035564278
"320",34700000,3029.08319707609,63.0327895344847,19,14.4607136689625,25.0044944830186
"321",34850000,3026.62053035827,56.4864902007649,19,12.9588896031808,22.407641213743
"322",3.5e+07,3024.18306162049,50.0501971273177,19,11.4823027043299,19.8544263578773
"323",35150000,3067.29542264983,46.1459999616281,19,10.5866184463878,18.3056693187066
"324",35300000,3097.66916492726,39.0927522239661,19,8.96849244048122,15.5077145487174
"325",35450000,3118.22327273756,43.2719792295204,18,10.1993033161858,17.6862406934513
"326",35600000,3124.90246836853,116.166872578506,18,27.3807944498317,47.4800391757287
"327",35750000,3139.35736448837,168.454981550048,18,39.7052199262313,68.8513768668232
"328",35900000,3099.61729173385,206.689455642912,17,50.129556312773,87.205713336859
"329",36050000,3112.23077934317,227.944721151159,17,55.2847154181289,96.1736627905233
"330",36200000,3079.562806436,324.310669764487,17,78.6568909972816,136.832056631025
"331",36350000,3040.65365031512,427.269313567468,17,103.628030024931,180.272018041279
"332",36500000,3189.5457563722,447.970889594552,17,108.648899705897,189.006356709034
"333",36650000,3529.91922918677,456.250947471471,17,110.657108718412,192.49985061457
"334",36800000,3826.3248781988,461.003437390869,17,111.809756831493,194.505005024883
"335",36950000,3954.3904966725,462.503466120403,16,115.625866530101,201.869312930199
"336",37100000,3903.9964589053,418.945427089971,16,104.736356772493,182.85749560174
"337",37250000,3818.51555812543,373.490721495838,16,93.3726803739596,163.017838475056
"338",37400000,3767.83703167163,324.841718584797,16,81.2104296461992,141.78396346268
"339",37550000,3649.82127678427,281.32001021532,16,70.3300025538299,122.788003411199
"340",37700000,3821.2624777809,222.274943171401,17,53.909592271991,93.7814893163203
"341",37850000,3850.6953894831,158.688333431804,18,37.4031988882735,64.8595259632327
"342",3.8e+07,3464.49317512276,104.360753910763,18,24.598065593347,42.654610338614
"343",38150000,3073.56724324587,47.9081505335394,17,11.6194332339867,20.2132442070235
"344",38300000,3078.99185565311,60.8589090573145,18,14.3445824300142,24.8744183440129
"345",38450000,3082.04764936713,77.5217683116032,19,17.7847133681501,30.7521314283711
"346",38600000,3085.33395881107,85.270726215279,19,19.562446232354,33.8260676539859
"347",38750000,3088.73638467033,92.7553086530384,19,21.2795272050273,36.7951287038743
"348",38900000,3096.36732989632,100.545910609854,19,23.0668138702435,39.8855847202943
"349",39050000,3102.54610831516,108.255437459303,19,24.8355006302046,42.9438790302465
"350",39200000,3112.21323918418,115.656351872515,19,26.5333868416249,45.879749788643
"351",39350000,3121.76470114222,121.595447434998,20,27.1895686219157,46.8943450193646
"352",39500000,3126.60928123771,128.969462276755,20,28.838448467242,49.7381981689832
"353",39650000,3138.60869902384,136.205332204238,20,30.4564381706618,52.5287745273295
"354",39800000,3140.31881906783,139.191369785691,20,31.1241364722114,53.6803659687793
"355",39950000,3146.80789285862,135.863150429438,20,30.3799239997503,52.3968091409163
"356",40100000,3156.73819284512,136.99208282357,21,29.8941232927939,51.4401004918583
"357",40250000,3080.00480050533,145.73134524912,21,31.801186701516,54.7216663176292
"358",40400000,3120.34892055023,146.419998396311,21,31.9514631384005,54.9802534298579
"359",40550000,3192.73743296679,136.68739434286,21,29.827634815354,51.3256909161848
"360",40700000,3360.85640546379,126.813821177227,21,27.6730445100589,47.618194939881
"361",40850000,3355.4993280798,82.9031690303863,21,18.0909546396888,31.129881801336
"362",4.1e+07,3194.07133178375,71.5205889453583,20,15.9924898672641,27.5825390237963
"363",41150000,3312.34928973882,64.7932982559276,20,14.4882219386673,24.9881006851046
"364",41300000,3370.4964065025,60.5953928117142,21,13.2229987773935,22.75338130009
"365",41450000,3378.98076657685,48.3092060058265,21,10.5419330135674,18.1399564150143
"366",41600000,3415.49877069838,44.0634060396581,21,9.61542350258609,16.5456717496055
"367",41750000,3446.43105720122,49.7538904095887,21,10.8571889962132,18.6824309097211
"368",41900000,3453.45563496688,61.7998470974331,20,13.8188659108954,23.8336501329974
"369",42050000,3460.27790716944,76.304617380683,20,17.0622311460319,29.4275413224925
"370",42200000,3466.61099062896,92.042626360922,20,20.5813569370636,35.4970417734178
"371",42350000,3466.31677300141,107.628017593157,20,24.0663563621842,41.5076838584918
"372",42500000,3450.07789316485,121.98642435868,20,27.2769937198146,47.0451286805999
"373",42650000,3446.44052373082,133.230907945804,20,29.7913366870835,51.3816618652082
"374",42800000,3450.53624374258,141.86052273234,20,31.7209772153166,54.7097480865312
"375",42950000,3459.60782399555,145.597258671495,19,33.4023019476629,57.7570162780481
"376",43100000,3421.2225154863,177.728387632527,19,40.7736884783478,70.503122594662
"377",43250000,3362.62121203549,198.707210588527,19,45.5865605425391,78.8252175985097
"378",43400000,3418.49227646319,164.429512608532,19,37.7227173050652,65.2275882319332
"379",43550000,3440.97893096052,142.296181814611,19,32.6449829779778,56.4475111987781
"380",43700000,3462.1966043311,127.461047788867,20,28.5011567339256,49.1564649633461
"381",43850000,3471.10142598701,110.050306236743,20,24.6079965690027,42.4418606042912
"382",4.4e+07,3414.78612443816,88.1838608565047,20,19.7185107393527,34.0088751953911
"383",44150000,3399.59203385527,69.7478807065946,20,15.5961002546492,26.8988786276149
"384",44300000,3403.55722105385,69.9919111786203,20,15.6506671270522,26.9929911079077
"385",44450000,3411.26864542586,62.7956923015467,21,13.7031434899521,23.5795869065478
"386",44600000,3419.07126519173,67.4559950375983,21,14.7201049208743,25.3295160712406
"387",44750000,3429.70552068735,74.4571123969345,21,16.2478739803232,27.9584138374229
"388",44900000,3440.39415216058,89.024425300939,21,19.4267222686426,33.4283944686642
"389",45050000,3450.47384245735,103.58707349486,21,22.604552633769,38.8966235157956
"390",45200000,3453.68045391271,117.218591763655,22,24.9910877342071,42.9133057124368
"391",45350000,3458.92492541804,130.111900934273,22,27.7399504855772,47.6334999218953
"392",45500000,3456.64658794867,141.088461591694,22,30.0801610808602,51.6519793804506
"393",45650000,3457.23122263353,149.624210872505,21,32.6506796248233,56.1834252363991
"394",45800000,3465.15346504983,156.378916368688,21,34.1246772073658,58.719796115321
"395",45950000,3468.89898571594,160.983470396432,22,34.3217912099316,58.9354706947873
"396",46100000,3474.11035126529,164.315871910835,22,35.0322615999867,60.1554509282342
"397",46250000,3461.60666937053,165.753746628765,22,35.3388175198791,60.6818517015103
"398",46400000,3471.99531145441,169.951216677507,22,36.233721141152,62.2185304203916
"399",46550000,3472.9812900911,173.717651453285,22,37.0367277334545,63.5974086729541
"400",46700000,3479.72177631386,178.225151448764,23,37.1625130245725,63.6917729723436
"401",46850000,3495.16406255622,183.521983080118,23,38.2669787685431,65.5846853643069
"402",4.7e+07,3527.80385920432,188.269504905841,23,39.256905500257,67.2812926043469
"403",47150000,3574.07490928505,192.131374891794,23,40.0621610575427,68.6613971765389
"404",47300000,3598.97902999653,192.104870579713,22,40.9568960229967,70.3289035979653
"405",47450000,3663.02425101238,187.758654201655,22,40.0302795777582,68.7377693818157
"406",47600000,3735.32038157917,178.937398500484,22,38.1495815431125,65.5083393317159
"407",47750000,3467.45802783993,165.915382926758,22,35.3732784944002,60.7410261700448
"408",47900000,3641.83280457411,153.22666761398,21,33.4368001346145,57.5361365243771
"409",48050000,3623.4592092173,145.079950184601,20,32.4408630785051,55.9513483675931
"410",48200000,3726.34884126302,135.597516302576,20,30.3205264032695,52.2943650226803
"411",48350000,3759.79753151758,123.096255031868,20,27.5251594026908,47.4731445611235
"412",48500000,3771.18872939156,107.726927473165,19,24.714252123877,42.7342242596073
"413",48650000,3775.00966432235,97.4614368002078,19,22.3591870475991,38.6620039629471
"414",48800000,3778.06005143265,114.621021328487,20,25.630039534095,44.2045967512346
"415",48950000,3781.95388191392,213.41550375552,19,48.9608744134283,84.659854429036
"416",49100000,3787.37773409634,222.646511703892,19,51.078612876269,88.3217054913547
"417",49250000,3792.59789715662,239.182176210652,19,54.8721544841248,94.8812427573696
"418",49400000,3799.32599824195,252.665291388279,19,57.9653932474613,100.229863396924
"419",49550000,4300.20236468792,289.826527075025,18,68.3127675541655,118.458684083002
"420",49700000,4183.80453203574,253.274228307638,18,59.6973081120402,103.518929410123
"421",49850000,4029.77404020669,223.975072734174,18,52.7914309156948,91.5436990921703
"422",5e+07,4079.82089155484,201.891706876782,18,47.5863316659663,82.517725914384
"423",50150000,4023.18216988404,177.471166219365,18,41.8303550329326,72.5364963144991
"424",50300000,4249.12968965528,147.044688931091,18,34.6587655602136,60.1005040082558
"425",50450000,4273.55814078796,118.80580780624,19,27.2559215859534,47.1291083225255
"426",50600000,4240.5011411369,94.2332212707849,19,21.6185836128242,37.3814022635524
"427",50750000,4091.05486526959,72.3596143908941,19,16.6004340380778,28.7043551807366
"428",50900000,3841.51370480964,51.5997230999254,18,12.1621713704351,21.0899787509173
"429",51050000,3827.5223700437,57.975383829863,19,13.3004652277555,22.9982708338111
"430",51200000,3843.66933046023,67.4432757338078,19,15.4725485971062,26.7540914571152
"431",51350000,3817.66161367582,78.048687074819,19,17.9055968229034,30.9611549763551
"432",51500000,3820.02004835551,88.6209243077766,20,19.8162410981052,34.1774325280187
"433",51650000,3824.84471043835,103.599321656258,20,23.1655125646259,39.9539821268211
"434",51800000,3827.51716128203,117.972994620677,20,26.3795635481052,45.4973144917052
"435",51950000,3831.61503765775,131.919423191534,20,29.4980797808832,50.8758763292221
"436",52100000,3832.68834485615,142.470060032224,20,31.8572738990528,54.9448214634207
"437",52250000,3844.73516563356,149.313242517799,20,33.3874560210711,57.5839544842568
"438",52400000,3884.45110890911,151.902007665962,20,33.9663215059785,58.5823343462738
"439",52550000,3889.27107804005,149.757261428562,20,33.4867416678472,57.7551942505117
"440",52700000,3895.79701655325,148.806068808986,20,33.2740485321405,57.3883585192143
"441",52850000,3901.89467877832,141.987516988743,20,31.7493739943235,54.7587245293245
"442",5.3e+07,3899.87166015773,133.327186691179,20,29.8128652690281,51.4187926032323
"443",53150000,3912.82743861776,123.00329037178,20,27.5043718727446,47.437291929
"444",53300000,3944.03530070227,111.322444704074,20,24.8924553779772,42.9324719014889
"445",53450000,4028.04365609092,133.534415278328,20,29.8592029898028,51.4987121155877
"446",53600000,4012.55124561697,145.727793477613,20,32.5857252426993,56.2011947848879
"447",53750000,4090.89170603517,136.352347243483,20,30.4893117328084,52.5854721596735
"448",53900000,3775.5882162679,118.895747096691,19,27.276555074276,47.1647863642003
"449",54050000,3801.33444637135,115.687624816159,20,25.8685393244423,44.6159416905794
"450",54200000,3805.07193819222,109.29916662217,20,24.4400366451248,42.1521770594993
"451",54350000,3813.75858191369,102.805533089234,20,22.988016045063,39.6478506414759
"452",54500000,3821.05855428522,97.2448280676566,20,21.744604601956,37.5033162420928
"453",54650000,3830.67134094287,88.2647205399127,20,19.7365915142267,34.0400594376624
"454",54800000,3838.19198854806,85.1026590555279,20,19.0295330714148,32.8205828425336
"455",54950000,3845.72060987244,84.007847784513,20,18.7847258289626,32.3983593254771
"456",55100000,3856.73876496675,75.2319987839895,20,16.8223863364182,29.0138766038818
"457",55250000,3872.74459297879,68.9913482676648,20,15.4269344585861,26.6071152930667
"458",55400000,3878.9940114478,49.5544925857685,19,11.3685802831474,19.6577851880051
"459",55550000,3875.310834979,51.9851045955987,20,11.6242227693195,20.0485090700206
"460",55700000,3880.7200191349,47.6496991819251,20,10.6547966478201,18.3765221531065
"461",55850000,3891.21182774669,46.1961900475682,20,10.3297821247862,17.8159636760158
"462",5.6e+07,3926.83275020673,44.6222563590968,20,9.97783985283628,17.2089624191288
"463",56150000,4036.9874618849,41.0275800388103,20,9.17404579190933,15.8226441386967
"464",56300000,4107.10113685021,34.773463473902,20,7.77558281407508,13.4106895287766
"465",56450000,4128.9009723545,37.9126356963525,20,8.47752306232293,14.6213386803701
"466",56600000,4128.5512368161,47.4127996913903,20,10.601824311353,18.2851597980316
"467",56750000,4091.8516158795,49.0978264183818,19,11.2638138792225,19.4766301614334
"468",56900000,4093.09096890606,54.2826310363942,18,12.7945388354939,22.1865441580847
"469",57050000,4158.14613191559,54.0001242056581,19,12.3884781237425,21.4213240085779
"470",57200000,4164.82144644511,55.8458407116125,19,12.8119145304731,22.1535017930484
"471",57350000,4169.8327269321,54.9594789543281,19,12.6085691974509,21.80189070565
"472",57500000,4174.90338856321,53.2628846453055,18,12.5541823060841,21.7697506478223
"473",57650000,4181.47342621335,54.1874026993199,18,12.7720933011918,22.1476221739203
"474",57800000,4186.63228471232,49.8494806761321,18,11.7496352749069,20.3746149212458
"475",57950000,4192.64227236626,49.2057333344303,18,11.5979025713442,20.111500762064
"476",58100000,4198.38270231985,48.302395185711,18,11.3849837277896,19.7422859442927
"477",58250000,4204.23579629683,46.2142697521509,18,10.8928078431101,18.8888216546153
"478",58400000,4211.6813390501,45.2953362093208,18,10.6762131299118,18.5132326450723
"479",58550000,4222.03122224831,46.1233941906336,19,10.5814323268454,18.2967018292413
"480",58700000,4229.6682092978,38.8091312778637,19,8.90342533299008,15.3952048782037
"481",58850000,4236.73226455859,35.3180385397649,19,8.10251373046894,14.0103223471563
"482",5.9e+07,4241.97589047849,38.0493709807336,19,8.72912436685825,15.0938153585853
"483",59150000,4249.00754364306,44.2246574319968,19,10.1458322399357,17.5434914262642
"484",59350000,4284.83942944054,68.7391953339891,19,15.769852943219,27.2681701569868
"485",59550000,4318.50148899115,57.58117408537,19,13.2100273099237,22.8418916626825
"486",59750000,4344.68617844046,55.4266866560351,19,12.715753995208,21.987227456348
"487",59950000,4416.84678226851,49.4012461298979,18,11.6439853791722,20.1914112820092
"488",60150000,4489.39575489417,27.7396359210116,19,6.36390893212108,11.0040437440645
"489",60350000,4490.04137475232,31.1417131150235,20,6.96349874609893,12.0100733219528
"490",60550000,4497.19349449953,34.4655178939213,19,7.90693208086293,13.672135699491
"491",60750000,4514.51707121737,40.4382034243901,19,9.27716011501351,16.0414419526072
"492",60950000,4531.15478853055,32.0888422348482,19,7.36168529036438,12.7293315836633
"493",61150000,4541.9254993206,50.5590872509301,19,11.5990501054979,20.0562981198968
"494",61350000,4546.64845671045,72.5679872040641,18,17.1044386163508,29.6601845162375
"495",61550000,4542.41947995495,94.9281434280961,18,22.374777981152,38.7992882032631
"496",61750000,4521.52754982138,116.370719618306,18,27.4288416578876,47.563356090618
"497",61950000,4525.95913833806,138.314375574244,17,33.5461635314093,58.3571317132539
"498",62150000,4531.53595106827,149.748888700284,17,36.3194403194196,63.1815426669445
"499",62350000,4537.4821969413,157.521443561801,17,38.2045617708867,66.4609126233851
"500",62550000,4543.55452763762,193.985425607501,16,48.4963564018753,84.6689970009092
"501",62750000,4780.76381110891,203.935887593268,16,50.9839718983171,89.0120842889988
"502",62950000,4801.41875538323,180.287030832537,16,45.0717577081342,78.6900460437096
"503",63150000,4804.96602956082,173.155300255448,16,43.2888250638619,75.5772530441746
"504",63350000,4653.12932748948,168.52196358325,16,42.1304908958125,73.5549363285043
"505",63550000,4612.89327245274,166.24015876585,16,41.5600396914624,72.5589948827172
"506",63750000,4547.51453628747,159.665484653946,16,39.9163711634865,69.689340830515
"507",63950000,4550.68440606391,149.888910784319,17,36.3534006630899,63.2406203092131
"508",64150000,4553.39070637946,136.016156658403,17,32.9887635701855,57.387474991595
"509",64350000,4552.69146719235,121.507479115607,17,29.469892393893,51.2660230251249
"510",64550000,4559.70938776042,122.013504429181,18,28.7588587927362,49.8696904003367
"511",64750000,4567.27617127871,109.913234320529,18,25.9067977767306,44.9240351886287
"512",64950000,4568.43905970199,98.8715544191794,18,23.3042488654188,40.4110498370809
"513",65150000,4575.33585434634,87.9686008493364,18,20.7343980640195,35.9547650879373
"514",65350000,4577.45902590159,75.9597889310657,18,17.9038939502185,31.0464909158138
"515",65550000,4581.85043865482,63.4627133494904,18,14.9583049873076,25.9386522951757
"516",65750000,4586.22065432743,52.7488038292743,18,12.4330122957196,21.5596341426357
"517",65950000,4606.01118634081,65.3439365981387,18,15.4017135593226,26.7075509627691
"518",66150000,4605.71823811359,88.576706505285,18,20.8777299416859,36.2033116806668
"519",66350000,4621.29922976145,115.574787902345,18,27.241238753315,47.2380407213028
"520",66550000,4628.12477983572,143.726909932954,18,33.8767575508599,58.744452379152
"521",66750000,4712.81432239883,147.653210355259,18,34.8021954353892,60.3492205348994
"522",66950000,4723.59616830505,151.298548957663,18,35.6614099838829,61.8391532137187
"523",67150000,4780.638559601,154.80581475375,18,36.4880804598283,63.2726524007207
"524",67350000,4890.28576895849,156.58614350206,19,35.9233250254862,62.116200000515
"525",67550000,4917.64293729963,160.951668598165,19,36.9248451691394,63.8479613423052
"526",67750000,4924.18052476843,163.053646269086,19,37.4070719190934,64.681795438244
"527",67950000,4922.380896266,162.799188510904,19,37.348695305761,64.5808545207054
"528",68150000,4906.68899671045,162.44575915838,19,37.2676130514803,64.4406525343966
"529",68350000,4895.24697709926,157.967295687125,19,36.2401830676098,62.6640896377453
"530",68550000,4901.3483031256,153.128462692899,20,34.2405651871362,59.0553274261722
"531",68750000,4904.60877516333,150.513570850149,20,33.6558575957164,58.0468715764762
"532",68950000,4906.52529460019,150.234688663149,20,33.5934976429318,57.939318228281
"533",69350000,4917.05837732388,154.811673255048,19,35.5162336315364,61.4122849139484
"534",69550000,4933.07891590485,155.935587590638,19,35.7740772636434,61.8581307984664
"535",69750000,4943.15772655302,153.416995876019,20,34.3050831682583,59.1666027652099
"536",69950000,4981.46982185886,155.507467700692,20,34.77252687876,59.9728114602507
"537",70150000,5004.70146022115,157.835279468392,20,35.2930414139002,60.8705523747125
"538",70350000,5112.00541173084,159.374644374097,21,34.778398652427,59.844682652326
"539",70550000,5164.43741687758,163.733579012527,21,35.7295961729018,61.4814490348551
"540",70750000,5204.82410989575,167.79256655655,21,36.6153398712526,63.0055862175027
"541",70950000,5012.75637749222,194.62093404842,22,41.4933225569211,71.2500254029618
"542",71150000,5009.85026283689,194.396665542424,22,41.4455083507868,71.1679215078829
"543",71350000,5034.60437203597,171.945242444675,22,36.6588488631439,62.948536096603
"544",71550000,5184.79624107171,142.526205616948,22,30.3866891369804,52.1783323076072
"545",71750000,5203.17326244807,142.213933436346,22,30.3201124843782,52.0640105831261
"546",71950000,5173.36973443872,145.487462559485,22,31.0180312384422,53.2624378454417
"547",72150000,5226.37607895367,138.074722319175,22,29.4376297090501,50.5486602499841
"548",72550000,5377.44944286211,139.842146395751,22,29.8144457882803,51.1957078606102
"549",72750000,5298.26480155716,128.702092684954,22,27.4393783568984,47.117374182039
"550",72950000,5274.17708967383,116.008452711825,22,24.7330852214671,42.4702781491093
"551",73150000,5264.00906491247,99.9896529220467,22,21.3178656311292,36.6058530422874
"552",73350000,5266.3086265685,93.2841317951236,21,20.3562664328281,35.0279009920367
"553",73550000,5272.99836322669,92.5111441896631,20,20.6861207084371,35.677729761103
"554",73750000,5279.42194997078,69.253783606439,20,15.4856167843058,26.7083257707726
"555",73950000,5288.91088294082,31.601018328449,20,7.06620251406287,12.187208384177
"556",74150000,5296.44574045478,31.7494669054636,21,6.92830168422773,11.9218259516744
"557",74350000,5303.70988254208,31.7991174737448,21,6.93913632648708,11.9404695854467
"558",74750000,5313.28681954077,51.7889733795669,21,11.3012805083771,19.446598227476
"559",74950000,5322.91469946519,46.8449581417314,21,10.222407933882,17.5901359018753
"560",75150000,5329.66885522719,36.6486304826737,21,7.99738682396754,13.7614466183834
"561",75350000,5337.28559620948,29.6268464217074,21,6.46510792049076,11.1247885700973
"562",75550000,5352.24204673323,33.4180513875338,21,7.29241666958561,12.5483742285365
"563",75750000,5371.30693648481,45.9880355917357,21,10.0354121029263,17.2683641529028
"564",75950000,5375.64200528435,32.8906439450032,21,7.17732693018181,12.3503343762709
"565",76150000,5370.80481273452,40.3742548173736,21,8.81038470609762,15.1604069540598
"566",76350000,5437.78379705028,51.6295444027833,21,11.2664902534209,19.3867331431731
"567",76550000,5547.12259929782,55.5090821168087,21,12.1130747884664,20.8434874734831
"568",76750000,5562.59918157441,50.4231417476231,21,11.0032316112367,18.9337327030309
"569",76950000,5562.41696845468,44.4831559460699,21,9.70702044159001,16.7032865323158
"570",77150000,5584.01909542687,40.7485614726406,21,8.89206511471128,15.3009579374805
"571",77350000,5585.38514241659,35.6630441341211,21,7.78231425034099,13.391362013726
"572",77550000,5595.42234154087,33.7529066877153,20,7.54737937919387,13.0171029015398
"573",77750000,5583.60190870332,35.9479017873037,20,8.03819520448974,13.8636219093418
"574",77950000,5591.21782219942,38.8613083111665,21,8.48023271147319,14.5923002524606
"575",78150000,5600.46289142423,42.7335065344561,21,9.32521563833501,16.0462986268553
"576",78350000,5613.80246577515,54.8681584446772,21,11.9732137769316,20.6028226305045
"577",78550000,5617.3270399743,62.7412334111089,21,13.6912595857761,23.5591377627794
"578",78750000,5625.66054123192,77.7384021854088,21,16.963910115217,29.1905279346982
"579",78950000,5636.40931217043,94.0118880024317,21,20.515075856993,35.3011711815681
"580",79150000,5641.98466896494,111.172220331403,21,24.2597673735696,41.7448225319371
"581",79350000,5650.52965386515,128.469318573508,21,28.0343036591665,48.2398290567839
"582",79550000,5641.38910328137,143.763457871479,21,31.3717584697451,53.9827307355422
"583",79750000,5646.10350550872,156.529430595102,20,35.0010447289983,60.3669403653898
"584",79950000,5646.30845163637,166.209605630894,20,37.1655976704111,64.1001843112123
"585",80150000,5668.05971916411,172.82207874802,20,38.6441916093394,66.650342251554
"586",80350000,5698.86528567424,180.364781235011,20,40.3307911588362,69.5592512630732
"587",80550000,5737.21514155521,176.34565616594,20,39.4320874723847,68.0092406200701
"588",80750000,5770.84964910348,161.367963626854,20,36.082973606036,62.2329628371595
"589",80950000,5774.2205963557,173.851278970563,20,38.8743277753458,67.0472622954211
"590",81150000,5634.61910335474,181.670487416758,20,40.6227559369391,70.0628082421576
"591",81350000,5673.51810361992,181.971145651525,20,40.6899851620326,70.1787597131337
"592",81550000,5699.58782424809,180.786862377476,20,40.4251713714937,69.7220305376143
"593",81750000,5720.51188215397,178.889887886754,20,40.0009949802099,68.9904457773508
"594",81950000,5632.10763229983,177.534120070293,19,40.7291204429907,70.426058542381
"595",82150000,5634.24829333233,170.821146775693,19,39.1890587481567,67.7630873340762
"596",82350000,5637.61912851423,168.412955914341,20,37.6582817716142,64.9499255685544
"597",82550000,5642.26313101023,162.356772099621,20,36.3040779022194,62.6143054503752
"598",82750000,5650.30553356691,156.454470129516,19,35.8931170820928,62.0639664544247
"599",82950000,5653.91720750032,150.985123256015,19,34.638362855316,59.8943297505099
"600",83150000,5659.81983207147,145.948961185798,19,33.4829880380859,57.8965332444319
"601",83350000,5665.74652631483,143.736578423655,19,32.9754326231065,57.0189025227256
"602",83550000,5681.36543112582,137.564974110285,19,31.5595694903959,54.5706871233322
"603",83750000,5692.4599233198,127.91448526956,19,29.3455955107913,50.7424320713434
"604",83950000,5702.03830712189,120.006902433769,19,27.531471591376,47.6055708781166
"605",84150000,5708.28617617452,116.016990613797,19,26.6161230431183,46.0228116693458
"606",84350000,5705.94973252906,138.73776756728,19,31.8286267620109,55.0359228798603
"607",84550000,5730.25418072329,144.39380513148,19,33.1262107706014,57.2796179648194
"608",84750000,5819.09407758585,119.983556513344,19,27.5261156699088,47.5963097785718
"609",84950000,5910.08834132066,99.6234621801128,19,22.8551896867767,39.5196584009504
"610",85150000,5824.16044127846,82.6807119068701,19,18.9682561990551,32.7986341711298
"611",85350000,5848.43196982306,69.4807504276585,19,15.9399773492386,27.5623378494759
"612",85550000,5950.40021759056,50.7174621824877,19,11.6353838066479,20.1191239147192
"613",85750000,5983.38049726333,34.8929900432979,19,8.00500091772138,13.8417097430907
"614",85950000,5963.99266033667,48.24340590374,18,11.3710798206899,19.7181756850014
"615",86150000,5971.21931715069,58.9398639795879,18,13.8922591673931,24.0900610358753
"616",86350000,5974.24821442043,70.7500395227994,18,16.6759442385959,28.9171480101326
"617",86550000,5985.0283689513,86.5556122112072,18,20.4013534480992,35.3772445400901
"618",86750000,5999.48896510463,103.256400697591,18,24.3377670447272,42.2032360985972
"619",86950000,6002.92394565501,121.386094659856,18,28.6109768919121,49.6132537780402
"620",87150000,6010.30763889951,137.496996292414,18,32.4083528237157,56.1981451820262
"621",87350000,6018.204770537,148.159875685446,17,35.9340480546751,62.5111116910176
"622",87550000,6019.65273544621,153.230626074648,17,37.1638856697233,64.6505454781356
"623",87750000,5902.91782570557,152.723926635644,17,37.0409930045789,64.4367605712651
"624",87950000,5879.49810722625,151.527910815194,17,36.7509165600128,63.9321416372219
"625",88150000,5742.31812587366,134.703752497062,17,32.6704588066143,56.8337498839448
"626",88350000,6065.76862249888,147.96222881664,17,35.8861116478128,62.4277211952162
"627",88550000,6066.54817809846,116.555108421662,17,28.2687660722253,49.176535597086
"628",88750000,6061.83976591457,95.3600268724301,17,23.1282037209864,40.2339787550624
"629",88950000,6026.28225939383,78.3986914852635,17,19.014475641409,33.0777097185857
"630",89150000,6011.99186599005,69.0621282129614,17,16.7500264324699,29.13845864386
"631",89350000,5963.06745918732,54.7261711229839,18,12.8990822364791,22.3678290650452
"632",89550000,5971.14125403586,45.0301837060712,18,10.6137160855463,18.404858794917
"633",89750000,5972.17471685759,49.1741047294627,19,11.2813133239375,19.5068890254736
"634",89950000,5976.05475896003,62.8466183508714,19,14.4180030702483,24.9306421853821
"635",90150000,5978.4015753305,79.1131455457149,19,18.1498003441788,31.3834152976813
"636",90350000,5981.17316533619,94.9274833094435,19,21.7778582479215,37.6568092611423
"637",90550000,5984.69770186392,109.208733701763,19,25.0542017872647,43.3220423768368
"638",90750000,5987.00291078434,122.648143343095,18,28.9084446192807,50.1290817382132
"639",90950000,5989.16675796615,133.985566918157,18,31.5807009829842,54.7629442460636
"640",91150000,5990.27384407799,144.003845786316,18,33.9420319574818,58.8576423521187
"641",91350000,5992.96184336789,154.500771273436,19,35.4449078252631,61.2889531220129
"642",91550000,6000.95919601784,164.080031297553,19,37.6425407936329,65.0889523953023
"643",91750000,6052.25427732564,169.79129395959,19,38.9527943085717,67.3545547393941
"644",91950000,6082.66954737284,183.867549328406,19,42.182108764158,72.9384683232686
"645",92150000,6116.95204910907,189.304650571267,19,43.4294653359175,75.0953134991649
"646",92350000,6201.26555379953,182.864707360348,19,41.9520410380998,72.5406506692695
"647",92550000,6285.90866375435,185.611398087034,18,43.7490260842859,75.8635939577216
"648",92750000,6104.2412532124,181.297891296979,18,42.7323227836384,74.1005657653408
"649",92950000,6212.57685307195,174.197248357906,16,43.5493120894766,76.0320330900771
"650",93150000,6249.29759012379,155.074286273057,16,38.7685715682643,67.6854162535802
"651",93350000,6365.04114422943,135.059432382261,15,34.8721954909816,61.1327147092462
"652",93550000,6372.93505445949,131.675536124166,14,35.191767314029,61.9836164660309
"653",93750000,6381.3897169574,132.977509534245,14,35.5397343445436,62.5964943237917
"654",93950000,6387.68465414897,139.477941162095,14,37.2770477743696,65.656442076762
"655",94150000,6395.48832192852,151.086640115127,14,40.3796030735442,71.1210041720004
"656",94350000,6399.91412641599,151.701943947424,13,42.0745490376925,74.511224011937
"657",94550000,6413.20318880929,149.572361853939,12,43.1778216898499,76.9552942778647
"658",94750000,6424.92968669772,139.4136570548,11,42.034799191096,75.4896577245624
"659",94950000,6274.10518755051,147.377001053023,11,44.4358377473354,79.8016464168357
"660",95150000,6672.70361857725,138.099014578078,11,41.6384195703005,74.777805581132
"661",95450000,6674.00877245861,153.231230610206,12,44.23404612053,78.8377899366386
"662",95750000,6673.6208253032,134.86821929326,12,38.9331013570445,69.3899820514941
"663",96050000,6675.16412222184,137.551315167205,13,38.1498707571434,67.5608801764083
"664",96350000,6674.84329889761,147.404841226731,14,39.39560093016,69.3878712232335
"665",96650000,6674.78825610105,161.826933710198,14,43.2500672782671,76.1767818701578
"666",96950000,6674.91991332806,167.3246751553,14,44.7194004845986,78.7647333393001
"667",97250000,6674.45973139329,172.87630732087,14,46.2031365918096,81.3780527837461
"668",97550000,6673.39442077674,177.227975856616,15,45.760066598315,80.219701026692
"669",97850000,6672.94721994876,180.840885521962,15,46.692915862664,81.8550327613664
"670",98150000,6671.56691396496,178.872827569295,15,46.1847654843273,80.9642195598781
"671",98450000,6671.3077923315,170.22240015101,15,43.9512347290878,77.0487276749551
"672",98750000,6668.85634231487,155.706711852238,16,38.9266779630595,67.961451627368
"673",99050000,6661.67765869358,141.296794025776,16,35.3241985064439,61.6719415499423
"674",99350000,6619.64662000545,145.606502454962,17,35.3147640822684,61.4338011272686
"675",99650000,6512.67911400085,124.730524810194,18,29.3992666380817,50.9801983383426
"676",100250000,6430.51508409162,97.0631690980722,18,22.8780083575678,39.6719216847502
"677",100550000,6398.87156588812,77.7365545901353,18,18.3226816322543,31.7726953941318
"678",100850000,6471.91464921421,66.5599406253082,18,15.6883284571765,27.204559426252
"679",101150000,6458.47650653188,71.165447445219,19,16.3264733518718,28.2306407691508
"680",101450000,6348.63865270295,54.0292957776667,19,12.3951705413431,21.4328960874394
"681",101750000,6323.38890722076,37.8519529015379,19,8.68383355334026,15.0155015268708
"682",102050000,6334.85854671231,36.1392592176826,19,8.29091467496312,14.3360926020028
"683",102350000,6346.65101136963,35.7680193766652,19,8.20574641439412,14.1888253681527
"684",102650000,6352.36094874477,31.8135266992194,20,7.1137208303459,12.2691640911432
"685",102950000,6359.4144188047,28.2746217896244,20,6.3223976359697,10.9043545417562
"686",103250000,6367.36690449616,26.6979074657907,20,5.96983359505072,10.2962809085854
"687",103550000,6372.61880672509,24.3955241278728,20,5.45500502966598,9.40834668988956
"688",103850000,6379.29668930812,23.7703888334362,20,5.31522052831652,9.16725781033457
"689",104150000,6385.12113531855,24.0484154976315,21,5.24779449341169,9.03010512995342
"690",104450000,6390.34988416642,21.6713445968692,21,4.72907509650597,8.13752240917704
"691",104750000,6396.74654594675,25.1045003413071,21,5.47825109990878,9.4266616999894
"692",105050000,6402.36052204415,27.3998956651751,21,5.97914742474083,10.2885754959887
"693",105350000,6408.65619512489,24.0488687922823,22,5.12723605405667,8.80420454634297
"694",105650000,6416.46862602011,30.2179292456159,22,6.44248416194846,11.0626754357236
"695",105950000,6425.67154236884,29.5082793587516,22,6.29118629770732,10.8028751592862
"696",106250000,6433.29011894873,37.5849841966346,22,8.01314555493679,13.7597278107497
"697",106550000,6441.24812069465,58.8834250742195,22,12.5539884072955,21.5570105696223
"698",107150000,6531.08326916335,71.3969622998388,23,14.887295759406,25.5149123271952
"699",107450000,6539.12959202597,53.819149214327,23,11.2220683634757,19.2331834505919
"700",107750000,6612.81935455396,34.6399440081975,23,7.22292762783918,12.3791700083311
"701",108350000,6669.17040491812,29.509037658758,22,6.29134796781189,10.8031527701968
"702",108650000,6667.36357900159,23.7283961816783,22,5.05891106390355,8.68688067387195
"703",109250000,6666.15965512181,18.3841963156445,21,4.01176053368424,6.90320846611794
"704",109550000,6660.87267222822,16.0069753273632,20,3.5792684946146,6.17322966897343
"705",109850000,6662.09856411804,18.9206816825618,20,4.23079304228433,7.29692594205012
"706",110150000,6668.51391090513,18.2907905575696,19,4.19619513883756,7.2557786981105
"707",110450000,6674.10265557315,19.6066767536268,18,4.62133802967405,8.01369409113537
"708",110750000,6680.15726610538,20.0059202540812,18,4.71544062517937,8.17687397728941
"709",111050000,6685.69574785034,19.3866244575178,17,4.70194708014874,8.1795387662758
"710",111350000,6690.491444081,16.2524165220906,16,4.06310413052266,7.09370717649011
"711",111650000,6697.86823724759,19.8176841390767,15,5.11690404206952,8.97019045099473
"712",111950000,6703.87152675903,19.629387355762,15,5.06828602167472,8.88496061304857
"713",112250000,6708.07059010156,18.9825552901736,14,5.07330130152305,8.9356570042125
"714",112550000,6712.62331822081,20.0986599954987,13,5.57436532168363,9.87182970960065
"715",112850000,6721.41618788437,21.4855692808675,13,5.95902474805398,10.5530359338411
"716",113150000,6727.64101748855,22.2750799678059,12,6.43026170781658,11.4605754214098
"717",113450000,6730.36643964554,36.9877449900486,11,11.152224724849,20.0281110781322
"718",113750000,6739.04571857232,31.7461902938499,11,9.57183652072023,17.1899158946784
"719",114050000,6749.11237718793,23.6389749646273,10,7.47530024399205,13.5486910735802
"720",114350000,6757.43700158181,25.1790591827659,9,8.39301972758864,15.3853530066817
"721",114650000,6765.33279314128,33.6590147806704,9,11.2196715935568,20.5669250983048
"722",115250000,6787.21764856156,54.6308305526701,8,19.3149153728231,35.9170129766086
"723",115550000,6798.31700593726,45.0213774067498,7,17.0164811856917,32.2390611883282
"724",115850000,6810.69720226387,24.7671909809962,6,10.1111633775837,19.6478132883891
"725",116150000,6826.76505634185,16.85437674213,6,6.88077049180847,13.3705775344338
"726",116450000,6847.37380606057,32.322800227045,5,14.4551957061636,29.1279185939155
"727",116750000,6890.04099751716,48.641737678646,4,24.320868839323,51.8483660757827
"728",117050000,6965.65906861706,40.3342181106169,4,20.1671090553084,42.9931866290583
"729",117350000,6996.97158575963,17.1731760518616,3,9.91493781638313,23.3334521154099
"730",117650000,7002.59302890413,9.2896657642767,2,6.56878565687656,19.1807593985139
"731",117950000,7008.19202983316,7.03156213091462,2,4.97206526510426,14.518358878682
"732",118250000,7013.80459939533,NA,1,NA,NA
"733",118850000,7025.03108217867,NA,1,NA,NA
