"","D","mean.d18O_mod","sd.d18O_mod","N","se.d18O_mod","CL95.d18O_mod"
"1",2e+05,-0.491242401860053,NA,1,NA,NA
"2",3e+05,-0.916050642080938,1.19958501059382,2,0.848234695600628,2.47683307990956
"3",4e+05,-1.63955564874067,0.44174193276903,3,0.255039823796545,0.600201395741089
"4",5e+05,-1.66251571482495,0.521874645194566,4,0.260937322597283,0.556278392611698
"5",6e+05,-1.66578178695511,0.706294442923476,5,0.315864477301448,0.636482201179968
"6",7e+05,-1.71333212593086,0.569449254482589,6,0.232476684648438,0.451744109288419
"7",8e+05,-1.68692117800997,0.576234790130622,7,0.217796278781303,0.412632170047275
"8",9e+05,-1.62111954672123,0.588200614028487,8,0.207960321438817,0.386712207615847
"9",1e+06,-1.56623541117283,0.587307776941488,9,0.195769258980496,0.358867160453675
"10",1100000,-1.48602529842566,0.557648565538717,10,0.176343960102803,0.319616571928983
"11",1200000,-1.3702154507894,0.505524677613642,11,0.15242142526453,0.273731323677802
"12",1300000,-1.19268607511268,0.46904301516762,12,0.135401055534269,0.241323616300511
"13",1400000,-0.735527804380091,0.381672357684635,12,0.110179319225732,0.196371229545935
"14",1500000,-0.431477288695247,0.31936988172695,12,0.0921941435930567,0.164316474829651
"15",1600000,-1.30835544877091,0.340378866008118,12,0.0982589149581231,0.175125641361468
"16",1700000,-1.67259722080277,0.399413091530779,12,0.115300627956578,0.205498874365561
"17",1800000,-1.45513637742382,0.440549543371681,12,0.127175698728503,0.226663665224818
"18",1900000,-1.50395430673438,0.460163834709732,12,0.132837856920497,0.236755259308527
"19",2e+06,-1.55979241585644,0.35019583262373,12,0.101092829117198,0.180176491300965
"20",2100000,-1.55373446705076,0.338404777628812,13,0.0938565982771286,0.166213784322691
"21",2200000,-1.50196664533763,0.504802736359868,13,0.140007088456926,0.247943228623258
"22",2300000,-1.44503998424328,0.387570871635424,13,0.107492819273676,0.190362623480535
"23",2400000,-1.41697345867152,0.418392275191094,13,0.11604113857381,0.2055011276087
"24",2500000,-1.08374346478066,0.458805854653858,13,0.12724984880289,0.225351006879317
"25",2600000,-0.673608771731423,0.403043938830672,13,0.111784275978381,0.197962507476329
"26",2700000,-0.753579099758467,0.19700841579765,13,0.054640303450489,0.0967643381473276
"27",2800000,-0.365408293124999,0.306994826294265,13,0.0851450451927794,0.150786204034705
"28",2900000,-1.23629415263723,0.436131882683032,13,0.120961220452178,0.214214264918093
"29",3e+06,-1.36588938034045,0.427102988089468,13,0.118457055650805,0.209779555842286
"30",3100000,-1.43267899335901,0.466370195637551,13,0.129347819516874,0.229066373280515
"31",3200000,-1.49084477994105,0.459368665234648,13,0.12740594437269,0.225627441736843
"32",3300000,-1.43370628069098,0.45754785507012,13,0.126900942494914,0.224733117046453
"33",3400000,-1.39182149844975,0.31201779441408,14,0.0833902632338826,0.146876115858774
"34",3500000,-1.35233292892222,0.300028693483009,14,0.080186041229631,0.141232487165412
"35",3600000,-1.29295356659642,0.315699900487388,14,0.0843743474758881,0.148609393408674
"36",3700000,-1.21071282136122,0.326452843248976,14,0.0872481923125634,0.153671125448155
"37",3800000,-1.10308542214404,0.316796992144649,14,0.0846675575546995,0.149125827292396
"38",3900000,-0.932230817874223,0.280402303087491,14,0.0749406677582668,0.131993757704374
"39",4e+06,-0.75020470716311,0.18664263468318,14,0.0498823423392335,0.087858275158285
"40",4100000,-0.596401794547311,0.167564038865843,14,0.0447833731271469,0.0788774090030328
"41",4200000,-0.465086972245856,0.250491263209792,14,0.0669466060936609,0.117913735868494
"42",4300000,-1.30927428054413,0.358939675094706,14,0.0959306633374532,0.168963649667865
"43",4400000,-1.47594100776137,0.399299581448783,14,0.106717302033113,0.187962265733472
"44",4500000,-1.47735658325584,0.410837786710362,14,0.109801017100763,0.193393644337966
"45",4600000,-1.4877437356201,0.370258513835374,14,0.0989557502362906,0.174291765884387
"46",4700000,-1.4937381357781,0.321111745363654,14,0.0858207238585563,0.151156910791613
"47",4800000,-1.49650964413921,0.317259029299888,14,0.0847910421786183,0.149343322012117
"48",4900000,-1.49675264834395,0.334444302117923,14,0.0893839995345702,0.157432944356337
"49",5e+06,-1.49479642463275,0.360264526845528,14,0.0962847448617277,0.16958729704546
"50",5100000,-1.49091051696738,0.377588801401181,14,0.100914851994703,0.177742351668494
"51",5200000,-1.48515853010368,0.393261050118452,14,0.105103436650442,0.185119748277197
"52",5300000,-0.660300071088567,0.347438771672601,14,0.0928569176057465,0.163549830155815
"53",5400000,-0.823964458216423,0.258633697706831,14,0.0691227632495301,0.121746623524166
"54",5500000,-0.683941887039241,0.240951516897045,14,0.0643970016465867,0.113423091713646
"55",5600000,-0.703386388969484,0.3541595909306,14,0.0946531321073083,0.166713520963442
"56",5700000,-1.57099114688413,0.398947688361925,14,0.106623254649699,0.187796619123822
"57",5800000,-1.43016639809883,0.424405617474423,14,0.113427172400824,0.199780428421857
"58",5900000,-1.56365705316343,0.458775983983647,14,0.122613039239064,0.215959588789928
"59",6e+06,-1.67347835280619,0.521136417417507,14,0.139279566124795,0.24531451152193
"60",6100000,-1.57174572340708,0.399601119088224,14,0.106797891357113,0.188104208526669
"61",6200000,-1.69242806999693,0.359771442640277,14,0.096152962564665,0.169355187549928
"62",6300000,-1.659590322717,0.428418408162881,14,0.114499635823755,0.201669369118914
"63",6400000,-1.58815591018278,0.41508506319665,14,0.110936149489234,0.195392964519226
"64",6500000,-1.57100622364809,0.352958954993814,14,0.0943322486557583,0.166148345687825
"65",6600000,-1.51879398589408,0.363607432018167,14,0.0971781738497629,0.171160902577682
"66",6700000,-0.925586975057582,0.365768243783499,14,0.0977556750857042,0.172178061357968
"67",6800000,-1.07530079300102,0.253158821557533,14,0.0676595410505521,0.119169435434215
"68",6900000,-1.06049163344928,0.208585223670538,14,0.0557467459227688,0.0981873086302403
"69",7e+06,-1.00639691828132,0.241054011917664,14,0.0644243945930871,0.113471339187965
"70",7100000,-0.708892998443461,0.41997433527281,14,0.112242862416356,0.197694491242315
"71",7200000,-1.72606840177201,0.46569247580938,14,0.124461549434087,0.219215388532504
"72",7300000,-1.76927888339974,0.471105616163923,15,0.121638947047177,0.213239199387124
"73",7400000,-1.74310878297634,0.423792527707765,15,0.109422760137288,0.191823608579536
"74",7500000,-1.86701701202597,0.418144219130587,15,0.107964373133711,0.189266982724178
"75",7600000,-1.9084124646749,0.322469887593367,15,0.0832613669534992,0.145961368953282
"76",7700000,-1.77093729424853,0.320104766940839,15,0.0826506954268985,0.144890831016363
"77",7800000,-1.79528776276068,0.335160991455561,15,0.0865381958803837,0.1517058150691
"78",7900000,-1.75383224959421,0.424856441271307,15,0.109697461438181,0.192305173792776
"79",8e+06,-1.66044486621354,0.352410162706293,15,0.0909919127463812,0.159513405005191
"80",8100000,-1.76925789402487,0.411464460981743,16,0.102866115245436,0.179592271448958
"81",8200000,-1.6998445625316,0.464658603008093,16,0.116164650752023,0.202809967508289
"82",8300000,-1.11403952082279,0.401186996681669,16,0.100296749170417,0.175106457160205
"83",8400000,-1.0898866673033,0.28986195435313,16,0.0724654885882824,0.126516313619665
"84",8500000,-1.10501422123124,0.246242738835645,16,0.0615606847089112,0.107477794533677
"85",8600000,-1.1473657192454,0.264258563892394,16,0.0660646409730985,0.115341178253984
"86",8700000,-1.01034218049245,0.34909068933096,16,0.0872726723327401,0.152367934010737
"87",8800000,-1.18091241888615,0.385555310206913,16,0.0963888275517283,0.168283680597969
"88",8900000,-1.55748673039322,0.408367231124135,16,0.102091807781034,0.17824042068644
"89",9e+06,-1.65548499146505,0.402983666567332,16,0.100745916641833,0.175890651316464
"90",9100000,-1.74911429295776,0.374203936159398,16,0.0935509840398494,0.163329135934753
"91",9200000,-1.79360254575192,0.320880365960265,16,0.0802200914900663,0.140054948241894
"92",9300000,-1.82478805689247,0.326655151927995,15,0.0843419975579985,0.147855768818871
"93",9400000,-1.82506968579857,0.325641310434812,15,0.084080224810079,0.14739686801002
"94",9500000,-1.81315229068018,0.391828711895768,15,0.101169738382547,0.177355645856849
"95",9600000,-1.75521860230412,0.380990699247081,15,0.0983713755495909,0.172449974897178
"96",9700000,-1.62028966563619,0.362092163625979,15,0.0934917946343751,0.163895823838128
"97",9800000,-1.5302815510713,0.33516296874985,15,0.0865387064155737,0.151706710062997
"98",9900000,-1.22929536668052,0.293795820642267,15,0.0758577547021895,0.132982463862713
"99",1e+07,-0.951343348936073,0.245280920095637,15,0.0633312612448556,0.111022890051753
"100",10100000,-0.66122216367413,0.221801632441559,15,0.0572689352405185,0.100395327293526
"101",10200000,-1.11299810336328,0.275548493442206,15,0.0711463150782806,0.124723072954196
"102",10300000,-1.16400043588076,0.400308084553124,16,0.100077021138281,0.174722837575678
"103",10400000,-1.39073821128702,0.419736919939511,16,0.104934229984878,0.183202959213216
"104",10500000,-1.64321787443768,0.423058703679416,16,0.105764675919854,0.184652821215121
"105",10600000,-1.81567611669765,0.325645042063149,16,0.0814112605157872,0.142134590799586
"106",10700000,-1.83947801133589,0.289310847313043,16,0.0723277118282608,0.126275771423373
"107",10800000,-1.81989574742191,0.260900893052329,16,0.0652252232630823,0.113875652576489
"108",10900000,-1.83548482363417,0.250952246684182,17,0.0608648600038201,0.105880919844263
"109",1.1e+07,-1.79317096564955,0.274774200933709,17,0.0666425325673159,0.11593179789678
"110",11100000,-1.73690162484694,0.322980696054576,17,0.0783343249922664,0.136270918639097
"111",11200000,-1.66321157948791,0.350775168154429,17,0.0850754746555592,0.14799786793484
"112",11300000,-1.56096935767531,0.382919134405681,17,0.0928715316014535,0.161559941034782
"113",11400000,-1.45452822558263,0.393194629489869,17,0.0953637052242547,0.165895343031554
"114",11500000,-1.33500761434394,0.388246054194703,18,0.0915104725633316,0.158684980096446
"115",11600000,-1.18114663656726,0.360194299267035,18,0.0848986105188191,0.147219590753081
"116",11700000,-0.945129362288741,0.321185855758396,18,0.075704232209322,0.131275953941109
"117",11800000,-1.01463863587637,0.262213122913241,18,0.0618042257760182,0.107172458653367
"118",11900000,-0.756852150333042,0.277501949374314,18,0.0654078367316879,0.113421349264002
"119",1.2e+07,-0.750667622031551,0.303699093365107,18,0.0715825627862244,0.124128716996007
"120",12100000,-1.14091375620819,0.309580331202897,18,0.0729687838385153,0.126532512473511
"121",12200000,-1.28308694550529,0.311798866575149,18,0.0734916976405226,0.12743927826697
"122",12300000,-1.42209817105362,0.331992436947971,18,0.0782513678228525,0.135692849109651
"123",12400000,-1.69862139551428,0.349796367859414,18,0.0824477945826051,0.142969720031574
"124",12500000,-1.61038316413092,0.327123724235424,18,0.0771038012312888,0.13370289564705
"125",12600000,-1.6522843874833,0.306772906854987,18,0.0723070675738234,0.125385054381002
"126",12700000,-1.60564705091693,0.274976365466291,18,0.0648125508957484,0.112389085760364
"127",12800000,-1.62833305349019,0.2596564769831,18,0.061201618551253,0.106127499395817
"128",12900000,-1.59446717832265,0.242801665486279,18,0.0572289013829119,0.0992385551348116
"129",1.3e+07,-1.53498957988871,0.242037615803931,18,0.0570488131457279,0.0989262706767309
"130",13100000,-1.4602125965001,0.246682208449477,18,0.0581435541308995,0.10082462117779
"131",13200000,-1.39801516227454,0.246141790647783,18,0.0580161764334824,0.100603740148404
"132",13300000,-1.32325513608237,0.273290027347853,18,0.0644150771894413,0.11169984107167
"133",13400000,-1.16212332854596,0.260574353571497,18,0.0614179641379021,0.106502656404077
"134",13500000,-1.0931865403839,0.332183264377009,18,0.0782963462792222,0.135770844613924
"135",13600000,-1.03439291230431,0.290722090261623,18,0.0685238538215738,0.118824721097171
"136",13700000,-0.888165905351372,0.25179700700634,18,0.0593491237122199,0.102915155514003
"137",13800000,-0.99708681810852,0.399910487073823,18,0.0942598057591717,0.163452498733818
"138",13900000,-1.56253763491323,0.452274880115561,18,0.106602211563349,0.184855015456946
"139",1.4e+07,-1.6451139682428,0.420080516630206,18,0.0990139273178557,0.171696447910168
"140",14100000,-1.66838188392734,0.415313922462068,19,0.095279548308297,0.164750993246812
"141",14200000,-1.62197825144412,0.376760275899223,19,0.0864347351886955,0.149457136669934
"142",14300000,-1.78164771529943,0.280309622075417,19,0.0643074376594116,0.111196100481754
"143",14400000,-1.81004174713884,0.261643431975555,19,0.0600251199590843,0.103791404436759
"144",14500000,-1.81036286250913,0.234905987857098,19,0.0538911295948254,0.0931849204323629
"145",14600000,-1.7873848517746,0.239902524628885,19,0.0550374137451362,0.0951669979679923
"146",14700000,-1.73937523657886,0.213501760129436,19,0.0489806629827511,0.0846940714935451
"147",14800000,-1.66889862302418,0.309061008366651,19,0.0709034580452109,0.122601495756303
"148",14900000,-1.60305675111493,0.303306626706372,19,0.0695833123536468,0.120318788525031
"149",1.5e+07,-1.4454857471888,0.324811337395633,19,0.0745168313380978,0.128849498077309
"150",15100000,-1.56636117152652,0.336885043926051,20,0.0753297858821652,0.129922655946287
"151",15200000,-0.900042521513854,0.330482174829069,20,0.0738980608269768,0.127453333624757
"152",15300000,-1.05663239310505,0.303899040993582,20,0.0679538913958645,0.117201316167905
"153",15400000,-0.881996129590883,0.225764479994181,20,0.050482472417188,0.0870680411256697
"154",15500000,-0.647889019706693,0.232292642294035,20,0.0519422138842506,0.0895856838638603
"155",15600000,-0.486118475894742,0.388073509262191,20,0.0867758746977153,0.149663934136558
"156",15700000,-1.01735993272721,0.388235642075489,20,0.0868121286969072,0.149726462070343
"157",15800000,-1.2936485766804,0.528721737265636,20,0.118225774570775,0.203906150185655
"158",15900000,-1.44035763418279,0.488355555293212,20,0.109199621882528,0.188338579980848
"159",1.6e+07,-1.75974953404387,0.465773308963473,20,0.104150078094734,0.179629539691612
"160",16100000,-1.75974949320661,0.427527239663691,20,0.0955979970120858,0.164879609433431
"161",16200000,-1.75973943041488,0.352796048605199,20,0.0788875946874546,0.136058873697594
"162",16300000,-1.70810423246425,0.336579748040087,20,0.0752615196467387,0.129804915924671
"163",16400000,-1.7054294449424,0.296384314892212,20,0.0662735475563689,0.114303196493548
"164",16500000,-1.69605166143629,0.294512278064069,20,0.0658549473959579,0.113581229160397
"165",16600000,-1.7596069454587,0.292551035930615,19,0.0671158106026152,0.116052150284836
"166",16700000,-1.65740066358016,0.301617897445811,19,0.0691958912910266,0.11964888605378
"167",16800000,-1.61705749837444,0.331712180076125,19,0.0760999932259681,0.131586995243575
"168",16900000,-1.7595403293953,0.354768458157995,19,0.0813894661824441,0.140733196488273
"169",1.7e+07,-1.46381363920495,0.377756807251374,19,0.0866633551601743,0.149852450963987
"170",17100000,-1.37723119136539,0.399726240602195,19,0.0917034888350733,0.158567511475709
"171",17200000,-1.26606084419761,0.377707060380087,19,0.0866519424451903,0.14983271686404
"172",17300000,-1.2099645804655,0.361887549027149,19,0.0830226976386823,0.143557270588063
"173",17400000,-1.05308637362745,0.312775917602532,19,0.0717557166738233,0.124075164114939
"174",17500000,-1.04418460166848,0.235496911327779,19,0.054026696736513,0.0934193340252191
"175",17600000,-0.982401836489965,0.218359450171038,19,0.050095093508561,0.086621069881884
"176",17700000,-0.905275849178793,0.210950368982466,19,0.0483953337103783,0.0836819594431414
"177",17800000,-1.39237137399286,0.253243860377713,19,0.0580981260767671,0.100459376087243
"178",17900000,-1.40565710027863,0.333838310414121,18,0.0786864443712282,0.136447299518282
"179",1.8e+07,-1.43142494764439,0.347637679180286,18,0.0819389867814447,0.142087414940819
"180",18100000,-1.45808397155126,0.323554832715235,18,0.0762626054328739,0.13224420862698
"181",18200000,-1.48577188650772,0.2694529744489,18,0.0635106751479008,0.110131550405684
"182",18300000,-1.5146753336983,0.264825401916492,18,0.0624199458418681,0.108240156411421
"183",18400000,-1.54501568096412,0.25880839943939,18,0.0610017247572098,0.105780870842378
"184",18500000,-1.57718195184092,0.271118793334872,18,0.063903312424734,0.110812408418042
"185",18600000,-1.61166168786835,0.293755256217149,18,0.0692387778934458,0.120064444911699
"186",18700000,-1.64950764182462,0.312971895943616,18,0.0737681833141805,0.127918722011412
"187",18800000,-1.69272842152195,0.341001264492729,17,0.082704954821924,0.143874095687954
"188",18900000,-0.701941116715014,0.401180607578577,17,0.097300589411526,0.16926475979136
"189",1.9e+07,-0.737072446980138,0.338915109572239,17,0.0821989879343603,0.142993912287177
"190",19100000,-0.678374175363871,0.28794169270421,17,0.0698361184140352,0.121487381316031
"191",19200000,-0.742431031273851,0.292592918486623,17,0.070964206366358,0.123449810705496
"192",19300000,-0.571903777410998,0.309167580346011,17,0.0749841523401905,0.130442935760033
"193",19400000,-1.03250368797179,0.359167200808629,17,0.087110841540671,0.151538605858211
"194",19500000,-1.21820249966968,0.419319605408661,17,0.101699942587778,0.176917904167148
"195",19600000,-1.29260287533947,0.451533501074874,17,0.109512959908038,0.190509481648413
"196",19700000,-1.61503030792027,0.435562399817005,18,0.102663042180163,0.178024245189263
"197",19800000,-1.62622083286966,0.440459302944558,18,0.103817253316266,0.18002572071473
"198",19900000,-1.6567257012403,0.405040201168081,18,0.0954688909663711,0.165549129388922
"199",2e+07,-1.68719836219998,0.347800669564952,18,0.0819774039835331,0.142154032812828
"200",20100000,-1.71912314185735,0.296517036447769,18,0.0698897357365188,0.121193247216814
"201",20200000,-1.7525197958803,0.242022222472696,18,0.0570451849027608,0.0989199790726457
"202",20300000,-1.73705228797528,0.16386578662426,18,0.0386235363088273,0.0669756686720085
"203",20400000,-1.63295038239849,0.198688972933475,18,0.0468314400360836,0.0812086958120641
"204",20500000,-1.86800602492882,0.25913267344865,18,0.0610781568741798,0.105913408994792
"205",20600000,-1.73291597080903,0.287159336249271,19,0.0658788698634099,0.113913315466768
"206",20700000,-1.93150589530074,0.331789387315224,19,0.0761177057813861,0.131617622604324
"207",20800000,-1.77501810069651,0.385103761012355,19,0.0883488619489628,0.152766916056523
"208",20900000,-1.44582618825895,0.392054471238802,19,0.0899434642364847,0.155524195193205
"209",2.1e+07,-1.28648419819235,0.413455265011167,19,0.0948531430451846,0.164013681915359
"210",21100000,-0.952369668327431,0.287627141595228,19,0.0659861917701613,0.114098889297127
"211",21200000,-0.602909568487468,0.270074105304718,19,0.0619592490679172,0.10713577054056
"212",21300000,-0.973160203251076,0.223193870120321,19,0.0512041855090644,0.0885388372509502
"213",21400000,-1.2591992752051,0.234258443403919,19,0.0537425727088856,0.092928045846507
"214",21500000,-1.63356916402957,0.27194205578142,18,0.0640973572442842,0.111148894477676
"215",21600000,-1.57468546996321,0.244192194834032,18,0.0575566522933235,0.0998068960605921
"216",21700000,-1.73004712147819,0.271217447391181,18,0.0639265654088032,0.110852730571461
"217",21800000,-2.08402713783615,0.296764495032849,18,0.0699480622843763,0.121294389160754
"218",21900000,-1.90576902159837,0.288344539785907,18,0.0679634598002429,0.117852962219415
"219",2.2e+07,-1.94256230790485,0.287458243169089,18,0.0677545576842782,0.117490712662775
"220",22100000,-1.88863003317434,0.321026340073198,18,0.0756666340017523,0.131210756257688
"221",22200000,-1.83784877731768,0.398491394037548,18,0.0939253223228102,0.162872483179807
"222",22300000,-1.74827033438503,0.461376546806892,18,0.108747494975862,0.188575073348466
"223",22400000,-1.6746548500601,0.486352901224438,17,0.117957904886703,0.205200364734632
"224",22500000,-1.52692832818749,0.531247117862137,17,0.128846351779444,0.224141980185755
"225",22600000,-1.23516363103518,0.516727373529695,17,0.125324796512407,0.218015858956973
"226",22700000,-1.01144270770467,0.284287727525476,17,0.0689499016855501,0.119945712734398
"227",22800000,-1.10292107830426,0.253516325371632,17,0.0614867404309232,0.106962747218066
"228",22900000,-0.958822061552849,0.21894589211564,17,0.0531021787934044,0.0923769073982473
"229",2.3e+07,-0.822491641511825,0.276296729974148,17,0.0670118000997749,0.116574178179967
"230",23100000,-1.62915680946698,0.318495867570949,18,0.0750701959131035,0.130176494674561
"231",23200000,-1.66497890557945,0.338711787286894,18,0.0798351338861261,0.13843920020137
"232",23300000,-1.65841525859091,0.325321297672791,18,0.0766789652162794,0.132966202974642
"233",23400000,-1.60052986745876,0.339700821790529,18,0.0800682515542421,0.138843441065709
"234",23500000,-1.67124620515931,0.26579866425637,18,0.0626493459753353,0.10863795083422
"235",23600000,-1.60189519351933,0.253164052083959,18,0.0596713393270772,0.10347389788521
"236",23700000,-1.70940688099131,0.271605478852874,18,0.0640180253014289,0.111011327842729
"237",23800000,-1.68107072535387,0.199109762132975,19,0.0456789122005294,0.0789849058805392
"238",23900000,-1.7027983799655,0.220423921384449,19,0.0505687156870403,0.0874400255309568
"239",2.4e+07,-1.70964973074189,0.316207345555853,19,0.0725429402359583,0.125436378206229
"240",24100000,-1.66093155338396,0.256167383868958,19,0.058768828363999,0.101619109418858
"241",24200000,-1.59175696272094,0.231514865650658,19,0.0531131528051902,0.0918396952388026
"242",24300000,-1.64115245842181,0.262998538055578,19,0.0603360026149053,0.104328961837472
"243",24400000,-1.670480419939,0.309160542499015,19,0.0709262927412325,0.122640979978435
"244",24500000,-1.66702394574757,0.330180419598321,20,0.073830586306125,0.127336959087711
"245",24600000,-1.42392129972459,0.32458520090285,20,0.0725794573709198,0.125179114188917
"246",24700000,-1.63133457860864,0.319058071200042,20,0.0713435535973262,0.123047528404105
"247",24800000,-0.921999672599737,0.222564971561321,20,0.049767040582142,0.0858341227881995
"248",24900000,-0.921912467872285,0.228680308587534,20,0.0511344715117355,0.0881925558584034
"249",2.5e+07,-1.16053423093822,0.224658351978484,20,0.0502351346736966,0.086641453207307
"250",25100000,-1.18188432557197,0.279898272370108,20,0.0625871563804312,0.107945210381866
"251",25200000,-1.7710629760079,0.31838506813571,20,0.0711930655372349,0.122787978901524
"252",25300000,-1.75752391466092,0.332291654638004,20,0.0743026728126461,0.128151175297745
"253",25400000,-1.78000638909975,0.330693220935939,20,0.0739452521711117,0.127534725396894
"254",25500000,-1.79880110985857,0.319513098787206,20,0.0714453008589797,0.123223013762446
"255",25600000,-1.79174274522994,0.300000059622065,20,0.0670820526568928,0.115697639989916
"256",25700000,-1.73532444858266,0.277144267700078,20,0.0619713422151773,0.106883104456803
"257",25800000,-1.70768389254933,0.263756846248853,20,0.0589778237743397,0.101720128591371
"258",25900000,-1.70681712440275,0.233987383253313,20,0.0523211694831703,0.0902392754985742
"259",2.6e+07,-1.6958081431388,0.219054067150911,20,0.0489819784897241,0.0844801118755807
"260",26100000,-1.63798918427409,0.242613130093276,20,0.0542499451122566,0.0935658700125603
"261",26200000,-1.54329835765552,0.26376337957958,20,0.058979284671502,0.101722648227358
"262",26300000,-1.45403527335846,0.287497642560676,20,0.0642864272136608,0.1108759737876
"263",26400000,-1.36699685027175,0.359776480528094,20,0.0804484667166447,0.138750938161203
"264",26500000,-1.28062732233439,0.35190286462202,20,0.0786878726771744,0.135714409502951
"265",26600000,-1.18812438424314,0.341207328596181,20,0.0762962781162168,0.131589582733997
"266",26700000,-1.07863947838204,0.33593069496336,20,0.0751163869666819,0.129554602943733
"267",26800000,-0.975035274802529,0.248652436955124,20,0.0556003751802639,0.0958949813866413
"268",26900000,-0.800943024923133,0.249123712801023,20,0.0557057556630223,0.0960767330277025
"269",27050000,-1.17847151218872,0.299753672071845,19,0.0687682086587581,0.118909365981407
"270",27200000,-1.40797962120264,0.312196549060875,19,0.0716228004146574,0.12384533425003
"271",27350000,-1.517309570708,0.305073232016492,18,0.0719064503724528,0.124690358671921
"272",27500000,-1.57347963420214,0.271070293704186,18,0.063891880952153,0.110792585517469
"273",27650000,-1.67027188068434,0.211676168542399,18,0.0498925513973057,0.0865168576193629
"274",27800000,-1.67443322975656,0.211116908219983,18,0.0497607324751626,0.086288275223811
"275",27950000,-1.6391556623428,0.230649482957358,17,0.0559407165133698,0.097314846708117
"276",28100000,-1.64924570806287,0.271076493345464,17,0.0657457067461995,0.114371673666248
"277",28250000,-1.64872242994454,0.315389338483168,16,0.0788473346207919,0.137658274432332
"278",28400000,-1.57589381018248,0.355097527314691,16,0.0887743818286727,0.154989744106195
"279",28550000,-1.25973779857586,0.359260460279806,16,0.0898151150699515,0.156806743283501
"280",28700000,-1.0613518293507,0.35018936213645,16,0.0875473405341125,0.152847472739905
"281",28850000,-0.854880554721683,0.330131438922136,15,0.0852395710003284,0.149429260261208
"282",2.9e+07,-0.596061252752892,0.178877854395608,15,0.0461860634053003,0.0809664948807015
"283",29150000,-0.657010724313885,0.209047435868835,15,0.053975815845824,0.0946223231673186
"284",29300000,-0.594818219760947,0.292609887516275,15,0.0755515480857438,0.132445668244838
"285",29450000,-0.799373346056415,0.456341743035725,16,0.114085435758931,0.199179899992381
"286",29600000,-1.0992181313238,0.506945831643741,16,0.126736457910935,0.221267113055774
"287",29750000,-1.45347712521891,0.469972146663738,16,0.117493036665935,0.205129174791182
"288",29900000,-1.60239992948779,0.383257868124133,16,0.0958144670310331,0.16728091394059
"289",30050000,-1.70265169116485,0.294264855188284,16,0.073566213797071,0.128438051793755
"290",30200000,-1.78328359700001,0.259586724613641,16,0.0648966811534101,0.113302056270243
"291",30350000,-1.80627095163719,0.193066872800259,17,0.046825594668421,0.0814581194376502
"292",30500000,-1.87548098744655,0.191043261358407,17,0.0463347968025407,0.0806043241690215
"293",30650000,-1.81881031827288,0.181491738660858,17,0.0440182122750421,0.0765743781434635
"294",30800000,-1.71981933048071,0.194375672985077,17,0.0471430253392935,0.0820103239677626
"295",30950000,-1.643709865325,0.22725486643611,17,0.0551174010736303,0.0958826016314647
"296",31100000,-1.55079158403201,0.296268260457398,17,0.0718556077284622,0.125000498510645
"297",31250000,-1.41058281876267,0.323192718681476,18,0.0761772543365958,0.132096204397139
"298",31400000,-1.23355347775356,0.386490686620845,18,0.0910967284583481,0.157967521501542
"299",31550000,-0.969160836194679,0.352466365500421,18,0.0830771190618412,0.144061008707771
"300",31700000,-0.138468184354337,0.26038096159534,18,0.0613723812119796,0.106423612711152
"301",31850000,-0.551689092860837,0.252275334086184,18,0.0594618664861474,0.103110658655179
"302",3.2e+07,-0.879626975769365,0.297542450302658,18,0.0701314280999569,0.12161235714825
"303",32150000,-1.22380487197608,0.320253467663024,18,0.075484466227677,0.130894865750365
"304",32300000,-1.2522645761277,0.258181741379909,18,0.0608540200360951,0.105524741460967
"305",32450000,-1.34405324486981,0.23881348556759,18,0.0562888783612128,0.0976084954235006
"306",32600000,-1.4153366554241,0.269709224543162,18,0.0635710738743449,0.110236285639097
"307",32750000,-1.48173814661367,0.191414750924807,18,0.0451168894660218,0.0782355560668145
"308",32900000,-1.53611950868827,0.14568182829606,18,0.0343375362279328,0.0595434719137695
"309",33050000,-1.57370630401454,0.133243874322388,18,0.0314058823616428,0.0544597976370365
"310",33200000,-1.60401713422475,0.124184163628056,19,0.0284898010338324,0.0492626497613151
"311",33350000,-1.62866353063914,0.164416705367575,19,0.0377197791224822,0.0652225077240227
"312",33500000,-1.65092386136773,0.260028495379953,19,0.0596546280948499,0.103150774797909
"313",33650000,-1.67052350166928,0.247046578891454,19,0.0566763721965945,0.0980009748031291
"314",33800000,-1.73537770255852,0.316040515697125,19,0.0725046668414866,0.12537019842404
"315",33950000,-1.77562894879451,0.408671186343931,19,0.093755600126846,0.162115884443207
"316",34100000,-1.83923585151171,0.470750048555549,19,0.107997467858974,0.186741965236176
"317",34250000,-1.2558437589507,0.441916739658081,19,0.101382653138345,0.175304072060602
"318",34400000,-0.459804379673487,0.37857619073497,19,0.0868513346233849,0.150177492421717
"319",34550000,-0.721184819415303,0.201666114764327,19,0.0462653797154831,0.079998986103537
"320",34700000,-0.697408388881543,0.253121302080698,19,0.0580700092751154,0.100410758402952
"321",34850000,-0.852481019617872,0.214466692997406,19,0.0492020337647924,0.0850768509762848
"322",3.5e+07,-0.926787236238421,0.223334627734069,19,0.0512364775203202,0.0885946744271626
"323",35150000,-1.35235179521275,0.221878750957332,19,0.05090247648116,0.0880171422712685
"324",35300000,-1.43005857493278,0.161844565979292,19,0.0371296898771018,0.0642021650481095
"325",35450000,-1.44222154072025,0.154866823708228,19,0.0355288860132261,0.0614341625622719
"326",35600000,-1.35304294215864,0.189252400740798,19,0.0434174784027159,0.0750745864996565
"327",35750000,-1.28422178841469,0.234649929168996,19,0.0538323857029805,0.0930833444414974
"328",35900000,-1.53564886451173,0.203325999572218,18,0.0479243976963494,0.0831039539143049
"329",36050000,-1.59215264068788,0.170934486428682,18,0.040289644830787,0.0698648068246141
"330",36200000,-1.66151931476014,0.27724035975043,18,0.0653461794660424,0.113314431643562
"331",36350000,-1.65621939339807,0.278565402280897,18,0.0656584949855937,0.113856006619798
"332",36500000,-1.45592183165542,0.27667995326102,18,0.0652140903897481,0.113085380783529
"333",36650000,-1.41425106979115,0.278107855142341,18,0.0655506500907984,0.113668996712574
"334",36800000,-1.40358212645666,0.360827401107465,18,0.0850478340536689,0.147478353854115
"335",36950000,-0.84648857311852,0.376161407810432,17,0.09123254215785,0.158708743974723
"336",37100000,-0.807838434342371,0.319458911247929,17,0.0774801667129429,0.134785019151253
"337",37250000,-0.790111103292656,0.219102205856855,17,0.0531400904443317,0.0924428587611971
"338",37400000,-0.823832650116337,0.2445125721195,17,0.0593030095082445,0.103163914217036
"339",37550000,-0.865888473187685,0.272565200596106,17,0.06610677128973,0.114999783974721
"340",37700000,-0.812794822409677,0.328493606488142,18,0.0774266855747303,0.134262797636159
"341",37850000,-0.843726060654782,0.325995607587923,19,0.074788521553363,0.129319286543093
"342",3.8e+07,-0.846520927696518,0.279201435332515,19,0.0640532021845231,0.110756493580271
"343",38150000,-1.30489598702987,0.307808071640236,19,0.0706160146466272,0.122104467944357
"344",38300000,-1.35898533473877,0.291863493081575,19,0.0669580774553351,0.115779408724409
"345",38450000,-1.41880341533817,0.283031564593316,20,0.0632877818208777,0.109153591860458
"346",38600000,-1.48717551553868,0.239153910900029,20,0.0534764401857393,0.0922317919548069
"347",38750000,-1.58977747140835,0.201960515905618,20,0.045159744233589,0.0778878347253077
"348",38900000,-1.54289916072714,0.182261839238938,20,0.0407549862242404,0.0702908682309328
"349",39050000,-1.55131478705583,0.175767642235195,20,0.039302839628276,0.0677863245054776
"350",39200000,-1.5244198749383,0.184271649144262,20,0.0412043933812561,0.0710659689531369
"351",39350000,-1.46298670351228,0.176430296673226,21,0.0385002471137416,0.0662490269774743
"352",39500000,-1.44487065349477,0.194595236833818,21,0.042464162031849,0.0730699054401578
"353",39650000,-1.39555052659719,0.232802420163835,21,0.0508016529699851,0.0874165837992139
"354",39800000,-1.32640154326313,0.236924610921681,21,0.0517011887403126,0.0889644535918302
"355",39950000,-1.19163533025869,0.283626726977894,21,0.0618924259756558,0.106500952735419
"356",40100000,-1.08348375891032,0.418304852862711,22,0.0891828942853581,0.153139905213051
"357",40250000,-0.909827675234098,0.35351643825721,22,0.075369957879921,0.129421099170782
"358",40400000,-0.708137608011358,0.298253578862096,22,0.0635878766690233,0.109189564700998
"359",40550000,-0.567361544415965,0.231197899336052,22,0.0492915577583585,0.0846407211092041
"360",40700000,-0.852856637473679,0.237349747802401,22,0.0506031362582953,0.0868928907519287
"361",40850000,-0.969572240165541,0.283879550556454,22,0.0605233235373447,0.103927284530947
"362",4.1e+07,-1.45326151540995,0.274285468665641,21,0.0598539962946066,0.102993339328873
"363",41150000,-1.45271681572506,0.301874735771711,21,0.0658744679556504,0.113353023211194
"364",41300000,-1.27254345056968,0.328723185123514,21,0.0717332799293088,0.123434532333776
"365",41450000,-1.37691369401993,0.318662519735317,21,0.0695378627539261,0.119656783810525
"366",41600000,-1.50420293254905,0.219001520858466,21,0.0477900498402081,0.0822343890875641
"367",41750000,-1.59228016808263,0.140229369598351,21,0.0306005571828754,0.0526556915945218
"368",41900000,-1.63016287889757,0.119375985801727,20,0.0266932819133711,0.0460383902794187
"369",42050000,-1.6519194946656,0.100847871230393,20,0.0225502695457304,0.0388928612683023
"370",42200000,-1.65188888254383,0.107437743473928,20,0.0240238097756888,0.0414343029845892
"371",42350000,-1.64220868582452,0.155507529282383,20,0.0347725406488447,0.0599728352097671
"372",42500000,-1.63441448018622,0.189709168089839,20,0.0424202595803814,0.0731629955677191
"373",42650000,-1.66726230212098,0.188318206312817,20,0.0421092310716289,0.0726265590246051
"374",42800000,-1.69196408613254,0.234579789194533,20,0.0524536354786546,0.0904677420175527
"375",42950000,-1.71270018159639,0.249032030851704,19,0.0571318661151202,0.0987885842831002
"376",43100000,-0.841619259043209,0.352928326080825,19,0.0809673109315415,0.140003233992381
"377",43250000,-1.17583448197819,0.33455715113698,19,0.0767526743497348,0.132715567590141
"378",43400000,-0.835553941233728,0.270355657649926,19,0.0620238416058162,0.107247459617221
"379",43550000,-0.746434898123727,0.147818712674438,19,0.0339119384480079,0.0586382454727435
"380",43700000,-0.799841980096562,0.133354796072109,20,0.0298190389142858,0.0514294404018336
"381",43850000,-0.759802034161296,0.202238378015821,20,0.0452218760902674,0.0779949946719875
"382",4.4e+07,-1.09278576485216,0.272068423724718,20,0.0608363489979687,0.104925560949492
"383",44150000,-1.23456855292089,0.28425631737247,20,0.0635616448678597,0.10962592845365
"384",44300000,-1.35159213726689,0.330160424011674,20,0.0738261151570257,0.127329247615293
"385",44450000,-1.44792195960289,0.271743725317346,21,0.0592993424236203,0.102038922616856
"386",44600000,-1.55713446878803,0.201013867692917,21,0.0438648221161252,0.075480081339428
"387",44750000,-1.62778969975552,0.141745765507943,21,0.030931461899029,0.0532250935363502
"388",44900000,-1.64759446373625,0.133749787007892,21,0.0291865963403755,0.0502226285099363
"389",45050000,-1.65152910319817,0.14368788058572,21,0.031355266153897,0.0539543517000958
"390",45200000,-1.62907765407081,0.161129989587081,22,0.0343530292063377,0.058989110844583
"391",45350000,-1.61604414446895,0.188543211419513,22,0.0401975477386275,0.0690249929632654
"392",45500000,-1.62355436837259,0.207299676844145,22,0.0441964396034582,0.0758916676327143
"393",45650000,-1.61844597791364,0.227797757686998,22,0.0485666451230696,0.0833959414556007
"394",45800000,-1.59931275466315,0.247944414245677,22,0.0528619267335506,0.0907715601094169
"395",45950000,-1.54544769988906,0.270556542762937,23,0.0564149389835217,0.0966879576634448
"396",46100000,-1.47460750737485,0.304389323276543,23,0.0634695613882378,0.108778674141894
"397",46250000,-1.25825120789621,0.26285811480022,23,0.0548097057877152,0.0939367941937577
"398",46400000,-1.17071986465527,0.306098164830702,23,0.0638258794836197,0.10938935758039
"399",46550000,-1.09036557199437,0.279854977584657,23,0.0583537966720205,0.100010910652116
"400",46700000,-0.918042806045446,0.236148491180319,24,0.048203608909993,0.0824706906710695
"401",46850000,-0.913551709495565,0.214339816057705,24,0.0437519317419484,0.0748543959787201
"402",4.7e+07,-0.908246646938109,0.174197216772149,24,0.0355578579753964,0.0608353020100703
"403",47150000,-0.933427612475947,0.142688151029778,24,0.0291260968636782,0.0498313171817732
"404",47300000,-0.937911766087228,0.119223792211748,23,0.024859879174695,0.0426066391007416
"405",47450000,-1.07129240363611,0.130239904867819,23,0.0271568974503625,0.0465434333221226
"406",47600000,-1.23431528768245,0.147226489945919,23,0.0306988452847531,0.0526138768682501
"407",47750000,-0.914325416026821,0.155356752544221,23,0.0323941222265683,0.0555193637504732
"408",47900000,-1.33986448268793,0.182151362852427,22,0.0388348010452882,0.0666849601450925
"409",48050000,-1.41000828514143,0.235554809624271,22,0.050220454152904,0.08623577032748
"410",48200000,-1.31240729381453,0.259627199026424,22,0.0553527048178342,0.0950485856846741
"411",48350000,-1.33561093366996,0.278919552168403,22,0.0594658483278895,0.102111446923984
"412",48500000,-1.35934323788226,0.270107890894226,21,0.0589423740870316,0.101424671885142
"413",48650000,-1.38281417691702,0.202613019759433,21,0.0442137857062468,0.0760805579604695
"414",48800000,-1.40801408260275,0.2341979514162,21,0.0511061828556347,0.0879406014386395
"415",48950000,-1.43431623865254,0.302940163379246,20,0.0677394798430887,0.11683151665134
"416",49100000,-1.46211626101142,0.192519821226304,20,0.0430487407278122,0.0742469484680248
"417",49250000,-1.49165639646336,0.188097806483085,20,0.0420599481714778,0.0725415599076506
"418",49400000,-1.52453574334599,0.350429583965476,20,0.0783584371073774,0.135146225965855
"419",49550000,-0.998991914867719,0.462987016733672,19,0.106216506216498,0.183662446024109
"420",49700000,-0.936009528503968,0.36673303495831,19,0.0841343283495392,0.145479427724501
"421",49850000,-0.938906260836789,0.221294976527217,19,0.0507685494418602,0.0877855646332653
"422",5e+07,-0.857353414816157,0.225568876741432,19,0.0517490493959938,0.089480979275653
"423",50150000,-0.831937652050823,0.208549972422084,19,0.0478446449718978,0.0827297454764994
"424",50300000,-0.914475688223493,0.213197390531836,19,0.04891083580815,0.0845733310348065
"425",50450000,-0.933856011855092,0.235863351522104,20,0.0527406487404353,0.090962759026106
"426",50600000,-0.959438778457183,0.25162011551924,20,0.056263968280737,0.0970394925129036
"427",50750000,-0.999871618817157,0.272350845396308,20,0.0608995004035681,0.105034479330796
"428",50900000,-1.81956296370202,0.25229980757497,20,0.0564159520447748,0.0973016216833674
"429",51050000,-1.69050882686833,0.226637591172989,20,0.0506777060119609,0.0874047640682055
"430",51200000,-1.69357201891661,0.189824053892923,20,0.042445948826916,0.0732073022798642
"431",51350000,-1.66046044439534,0.16718125378771,20,0.0373828648032964,0.0644749088988867
"432",51500000,-1.65233775376576,0.1032007536931,21,0.0225202507416726,0.0387515616332771
"433",51650000,-1.6435196213655,0.120054448818158,21,0.0261980285345433,0.0450800716684784
"434",51800000,-1.60682879893388,0.145457598498773,21,0.0317414502631964,0.0546188752653514
"435",51950000,-1.55634117232075,0.173887717904954,21,0.0379454109391704,0.0652942965678577
"436",52100000,-1.47918168357467,0.180335275859499,21,0.0393523834331855,0.0677153345013856
"437",52250000,-1.37713920485127,0.18339307402405,21,0.0400196496974214,0.0688635281898554
"438",52400000,-1.29549772511824,0.196817501508501,21,0.0429490999407044,0.0739043589051251
"439",52550000,-1.21158416330851,0.232259464972065,22,0.0495178843124151,0.0850293564782753
"440",52700000,-1.15845037788692,0.228346492156822,22,0.0486836357051252,0.0835968311754329
"441",52850000,-1.04195010292916,0.185576544267993,22,0.0395650521767348,0.067938906767341
"442",5.3e+07,-0.883335865414107,0.152942451850674,22,0.0326074402957472,0.055991682666782
"443",53150000,-0.739906529915115,0.176277168372406,22,0.0375824185741355,0.0645344386301803
"444",53300000,-0.620081208734013,0.297960641071228,22,0.0635254221221628,0.109082321227202
"445",53450000,-1.13099518646068,0.465112691931486,22,0.0991623591058792,0.170276087088934
"446",53600000,-1.50185570920568,0.435944536497169,22,0.0929436874725111,0.159597730077578
"447",53750000,-1.78140495496103,0.429619712844437,22,0.0915952305389256,0.157282234839977
"448",53900000,-1.76726516195344,0.389118760423477,21,0.0849126749508558,0.146112882780457
"449",54050000,-1.76944060468346,0.261537030633051,21,0.0570720590433305,0.0982063405476713
"450",54200000,-1.77005128860198,0.176159067390066,21,0.0384410600318003,0.0661471812262856
"451",54350000,-1.77130555868104,0.159376371809885,21,0.0347787756098201,0.0598453312990848
"452",54500000,-1.80509587905321,0.172745678862235,21,0.0376961975887011,0.0648654644637516
"453",54650000,-1.83664495876061,0.150509974906897,21,0.0328439691836553,0.0565160268729469
"454",54800000,-1.82085852908815,0.239701813069436,21,0.0523072239337546,0.0900072843497998
"455",54950000,-1.78488892034158,0.333770196679104,21,0.0728346281429662,0.125329669455951
"456",55100000,-1.7387735829573,0.344193587902146,21,0.0751091985847629,0.129243620400619
"457",55250000,-1.6635410066402,0.376220962940189,21,0.0820981447953615,0.14126979999064
"458",55400000,-1.56414190445424,0.324063126625077,20,0.0724627180134793,0.124977771689473
"459",55550000,-1.45098089865302,0.3377040742203,20,0.0755129266235225,0.130238522123928
"460",55700000,-1.290962328799,0.342682461323535,20,0.0766261278216367,0.132158480538357
"461",55850000,-1.07129877712261,0.374713833965207,20,0.0837885604855773,0.144511658817547
"462",5.6e+07,-0.827060504416476,0.288544400234392,20,0.0645204893451008,0.111279665015672
"463",56150000,-0.475514832802649,0.145117803512039,20,0.0324493273398377,0.0559659468335263
"464",56300000,-0.778253096946174,0.218594364255869,20,0.0488791857974474,0.0843028234439722
"465",56450000,-0.940448365620004,0.280029883207338,20,0.0626165854582934,0.107995967249327
"466",56600000,-1.14798181124164,0.340759435474729,20,0.0761961261695946,0.131416848844594
"467",56750000,-1.28651888634107,0.351202229945329,20,0.0785312060007269,0.135444203628024
"468",56900000,-1.39961703845926,0.360717666911254,20,0.0806589223898691,0.139113914900139
"469",57050000,-1.50272618903749,0.320337291730627,21,0.0699033279653689,0.12028565547934
"470",57200000,-1.56818648602471,0.294332082539173,21,0.0642285260804644,0.110520780411027
"471",57350000,-1.64805711580585,0.292335016905824,21,0.063792730631292,0.109770888484786
"472",57500000,-1.68221451031455,0.293379109829869,21,0.0640205703863874,0.110162942126344
"473",57650000,-1.76834585793234,0.211587920510148,21,0.0461722696131454,0.0794506052435365
"474",57800000,-1.74555186763345,0.161274334016434,21,0.0351929449182811,0.0605580101971815
"475",57950000,-1.79075943511321,0.147152386322403,21,0.0321112832864665,0.0552552628153689
"476",58100000,-1.76625988651654,0.264023468664619,21,0.0576146443047818,0.0991399902854841
"477",58250000,-1.78777759803964,0.155565010806873,21,0.0339470684528152,0.0584141771114508
"478",58400000,-1.73035681445674,0.283345778405209,21,0.0618311179708597,0.106395457421281
"479",58550000,-1.71986702066595,0.212252557676044,22,0.0452523973448431,0.0777048995279168
"480",58700000,-1.61327002173223,0.255426564917484,22,0.0544571266166605,0.0935107486147111
"481",58850000,-1.48835730549528,0.297094113476927,22,0.0633406778183159,0.108765088585152
"482",5.9e+07,-1.4115579844323,0.379634879790096,22,0.0809384283248246,0.138982966869151
"483",59150000,-1.21791273711162,0.405534307708514,22,0.0864602049102317,0.148464654469367
"484",59350000,-0.850368743762468,0.370089668687523,22,0.0789033824799903,0.135488499345088
"485",59550000,-0.74396478128,0.238409083596881,22,0.0508289874085397,0.0872807097840182
"486",59750000,-0.652857334396751,0.178745592178549,22,0.0381086882978744,0.0654381197257051
"487",59950000,-0.659585380025847,0.22094889307523,21,0.0482150012968547,0.0829656212906281
"488",60150000,-1.08287525937143,0.214100992945693,21,0.0467206669780402,0.0803942561171
"489",60350000,-1.19915293243221,0.239763864865558,21,0.0523207647457896,0.0900305846060073
"490",60550000,-1.35185508535037,0.268374591901743,20,0.0600103830926063,0.103501002484483
"491",60750000,-1.49639432666264,0.249615260906081,20,0.0558156691607342,0.0962663028423495
"492",60950000,-1.58218811744795,0.143964104964281,20,0.0321913525020048,0.0555210129245014
"493",61150000,-1.64774054249951,0.118097898732466,20,0.026407492956568,0.045545484851995
"494",61350000,-1.71096931146524,0.111123318116459,19,0.0254934375758193,0.044081539390821
"495",61550000,-1.65022001866595,0.109684868656794,19,0.0251634346373946,0.0435109204820924
"496",61750000,-1.7066730533615,0.141768444810964,19,0.0325239118059956,0.0562381630627742
"497",61950000,-1.73665219890109,0.265214001281317,18,0.0625115395905457,0.108398985797597
"498",62150000,-1.77218279368858,0.342466657888583,18,0.0807201653744369,0.13997390109596
"499",62350000,-1.80911148302502,0.386602348398163,18,0.0911230473916618,0.158013160205966
"500",62550000,-0.853861228787976,0.441870328944446,17,0.107169296415551,0.186432428873226
"501",62750000,-0.767554765189652,0.362216950240068,17,0.0878505144252292,0.152825345783284
"502",62950000,-0.842796253163627,0.294779013050417,17,0.0714944121777762,0.124372160301243
"503",63150000,-0.890179067712661,0.168467511363136,17,0.0408593731667736,0.0710792403841307
"504",63350000,-0.621388347392287,0.159190510060493,17,0.0386093698573743,0.0671651194934085
"505",63550000,-0.482904611316683,0.213169207512274,17,0.0517011269824892,0.0899396282443995
"506",63750000,-1.06184361259897,0.192019394522,17,0.0465715438694914,0.0810161709590675
"507",63950000,-1.48781786168606,0.184301838064433,18,0.0434403598268353,0.0753283470340856
"508",64150000,-1.51303175429325,0.182918486983652,18,0.0431143008501746,0.0747629400290474
"509",64350000,-1.54634287055443,0.187747255080136,18,0.0442524524054416,0.076736567219851
"510",64550000,-1.54931141950629,0.166008067448811,18,0.039128476741576,0.0678512674999477
"511",64750000,-1.57013134694308,0.129475004354046,18,0.030517551190968,0.0529193748833453
"512",64950000,-1.54807823132531,0.175747619729041,18,0.0414241112292665,0.0718320437191479
"513",65150000,-1.54229597877691,0.201467381558835,18,0.0474863172293832,0.0823442945197688
"514",65350000,-1.51191640289257,0.202326633658938,18,0.0476888448916272,0.0826954903681995
"515",65550000,-1.48090231135922,0.200162391783799,18,0.0471787281896142,0.0818109155601109
"516",65750000,-1.44051504340767,0.190890285677575,19,0.0437932349774822,0.0757243195222297
"517",65950000,-1.35354969682651,0.22175783479716,19,0.0508747364115373,0.08796917600669
"518",66150000,-1.29088941349146,0.229730022428051,19,0.052703681687432,0.0911316652937166
"519",66350000,-1.11807253251164,0.266100490566381,19,0.0610476393266029,0.105559476225551
"520",66550000,-1.01512014440676,0.295591255253827,19,0.0678132847497773,0.117258175717882
"521",66750000,-0.583047046275059,0.297437283966741,19,0.0682367927816966,0.117990477351816
"522",66950000,-0.615039739560544,0.223868517818538,19,0.0513589603058548,0.0888064634304771
"523",67150000,-0.656547953431479,0.254186123617392,19,0.0583142960893972,0.100833162748949
"524",67350000,-1.53005831911263,0.293065153544663,20,0.065531360516228,0.113023132965757
"525",67550000,-1.59055811216245,0.313826225198921,20,0.0701736772666945,0.121029821354704
"526",67750000,-1.59463986528909,0.265645945843818,20,0.0594002392854005,0.10244867632939
"527",67950000,-1.57801871445472,0.250407031958415,20,0.0559927145502978,0.0965716562555548
"528",68150000,-1.39820780430948,0.25560566033758,20,0.057155163194855,0.0985765526392811
"529",68350000,-1.45853187136539,0.251053945331216,20,0.0561373687780116,0.0968211440410084
"530",68550000,-1.5227203886232,0.187660481714251,21,0.0409508744003538,0.0704659264883495
"531",68750000,-1.57895677839023,0.151352976704747,21,0.0330279272574471,0.0568325714228391
"532",68950000,-1.62980465618767,0.135763677527842,21,0.0296260632808054,0.0509788381287014
"533",69350000,-1.67042959437761,0.191333041791691,21,0.0417522927122177,0.0718449613606727
"534",69550000,-1.64965166640796,0.179036152150364,21,0.0390688913982226,0.0672275175942195
"535",69750000,-1.6946331965481,0.0920512695797609,22,0.0196253966158484,0.0336996393938852
"536",69950000,-1.69049079735875,0.0901802431681752,22,0.0192264924445781,0.0330146633402715
"537",70150000,-1.65434875852295,0.0932161639843747,22,0.0198737529373907,0.0341261030542633
"538",70350000,-1.63606654838708,0.104296081814021,22,0.0222359993558327,0.0381824212025907
"539",70550000,-1.6442836643688,0.130447857547932,22,0.0278115766762738,0.0477564924323082
"540",70750000,-1.65279157757441,0.173795485385128,22,0.0370533219834804,0.0636259033960331
"541",70950000,-1.44493569174689,0.245230821462765,23,0.0511341610460435,0.0876373827120461
"542",71150000,-1.10493676089132,0.244590095216235,23,0.0510005603881773,0.087408408348441
"543",71350000,-1.14628463829989,0.30430094131229,23,0.0634511324747483,0.108747089351777
"544",71550000,-0.801857306351402,0.148760817748962,23,0.031018774747576,0.0531621948654697
"545",71750000,-0.906595868398181,0.122195581623116,23,0.0254795401025076,0.0436686583217768
"546",71950000,-0.879152901244333,0.174631319443523,23,0.03641314724978,0.0624074563070587
"547",72150000,-1.15790437510554,0.231759096919627,23,0.0483251122965928,0.0828230340403091
"548",72550000,-1.3911841540615,0.181132059201315,23,0.0377686451913135,0.0647306056349727
"549",72750000,-1.55533887450566,0.197024915030956,23,0.0410825347123248,0.0704101865311332
"550",72950000,-1.59638450151687,0.177007999903531,23,0.0369087193832995,0.0632568032766426
"551",73150000,-1.62968162757896,0.181975152690571,23,0.0379444423362212,0.0650318993562891
"552",73350000,-1.6377096150759,0.135214354297422,23,0.0281941418584327,0.0483211369804291
"553",73550000,-1.64962383200012,0.101665109431547,23,0.0211986407231674,0.0363317467623758
"554",73750000,-1.66804637526274,0.0928862235638939,23,0.0193681164803998,0.0331944633818456
"555",73950000,-1.6987970494918,0.0801045888522343,23,0.0167029614078065,0.0286267299858973
"556",74150000,-1.66629189286874,0.114450908282187,23,0.0238646640787602,0.0409009682838348
"557",74350000,-1.64636595225437,0.125065121094688,23,0.0260778804440359,0.0446941367970247
"558",74750000,-1.5988123787294,0.184522375915202,23,0.0384755750943777,0.0659421926679473
"559",74950000,-1.56866037422862,0.189463507715414,23,0.0395058722964776,0.0677079897077439
"560",75150000,-1.52922280799333,0.17572186212138,23,0.0366405411172577,0.062797180182113
"561",75350000,-1.48955969282865,0.158595693981503,23,0.0330694882025283,0.0566768542674802
"562",75550000,-1.4047461589791,0.237740486660943,23,0.0495723182737503,0.0849605848537953
"563",75750000,-1.24925916367556,0.343060653545313,23,0.0715330911600381,0.122598528230923
"564",75950000,-1.0838438260806,0.210099069763261,23,0.0438086844256228,0.0750824569051305
"565",76150000,-1.02872730720338,0.242886923471726,23,0.0506454245298325,0.0867997511123418
"566",76350000,-0.843911158578879,0.224110850608685,23,0.0467303426985025,0.0800898038328257
"567",76550000,-0.732576370234354,0.188444874804353,23,0.0392934726518885,0.0673439640043789
"568",76750000,-0.776705131555842,0.17405911954927,23,0.0362938353241063,0.0622029709947258
"569",76950000,-0.786498395114011,0.209554300992149,23,0.0436950922845179,0.074887774568715
"570",77150000,-0.95260330711348,0.244755033213006,23,0.0510349523379297,0.0874673517319054
"571",77350000,-1.13722772388024,0.27209251398015,23,0.0567352111218874,0.0972368629625204
"572",77550000,-1.29904751012474,0.2078247455379,22,0.0443083846251028,0.0760838933968713
"573",77750000,-1.37971781225906,0.1964192176659,22,0.0418767179123785,0.071908370580749
"574",77950000,-1.49715052834031,0.187191824916481,22,0.0399094311681077,0.0685302552150316
"575",78150000,-1.56461731295263,0.180158969127291,22,0.0384100212758267,0.0659555519536112
"576",78350000,-1.64632235366709,0.189712105532105,22,0.0404467568007759,0.0694529209023782
"577",78550000,-1.67447938819033,0.12494618122413,22,0.0266386153428825,0.0457423484773099
"578",78750000,-1.6740508206828,0.106515081735226,22,0.0227090917286265,0.0389947891090959
"579",78950000,-1.70017678588803,0.0949253950923948,22,0.0202381622340379,0.0347518464279729
"580",79150000,-1.67328857510834,0.0957170981282444,22,0.020406953888422,0.0350416860677408
"581",79350000,-1.6393712022801,0.114894949272552,22,0.0244956854905496,0.042062628536685
"582",79550000,-1.60278453804613,0.117114433204185,22,0.0249688810547135,0.0428751736376706
"583",79750000,-1.57064372969912,0.150393275789203,21,0.0328185033483996,0.0564722067176665
"584",79950000,-1.51213045821013,0.189356668217136,21,0.0413210126404603,0.0711028392380719
"585",80150000,-1.34070661460375,0.197208049566783,21,0.0430343245140184,0.0740510084848004
"586",80350000,-1.17714806859308,0.28559858793857,21,0.0623227213143332,0.107241380385561
"587",80550000,-1.15319737569208,0.236796264668323,21,0.051673181291685,0.0889162599733785
"588",80750000,-1.00875500906373,0.19685002526903,21,0.0429561972071096,0.0739165714759212
"589",80950000,-0.95107230500553,0.232335266394468,21,0.0506997116600181,0.0872411690135847
"590",81150000,-1.0854282369069,0.209435630257319,21,0.0457026013749975,0.0786424269560674
"591",81350000,-1.08544063513602,0.223749868896082,21,0.0488262243310829,0.0840173789888116
"592",81550000,-1.31466829303031,0.255784516121116,21,0.0558167574629841,0.0960462892624019
"593",81750000,-1.40715753310789,0.196438343902588,21,0.042866360967875,0.073761986404843
"594",81950000,-1.51674475678061,0.151163194526339,21,0.0329865133908705,0.0567613088058495
"595",82150000,-1.58546367486713,0.127636886113697,21,0.0278526520040226,0.047927253260411
"596",82350000,-1.62435492142329,0.126832349576519,21,0.0276770877382617,0.0476251522961155
"597",82550000,-1.63996785174939,0.122836670405981,21,0.0268051590596072,0.0461247872105627
"598",82750000,-1.71005395873548,0.11961849323383,20,0.0267475082236942,0.0461319153860792
"599",82950000,-1.71763053302346,0.112731182511661,20,0.0252074587280009,0.0434757639258559
"600",83150000,-1.72105834372701,0.116600094303175,20,0.0260725737044785,0.0449678435080109
"601",83350000,-1.72373527799436,0.181308736188683,20,0.0405418659032472,0.0699232957253786
"602",83550000,-1.70298974051752,0.185661826583582,20,0.0415152465067668,0.0716021030095741
"603",83750000,-1.72908113230418,0.194092967760843,20,0.0434005069867919,0.0748536461521311
"604",83950000,-1.73280277677814,0.234665108208617,20,0.0524727133901813,0.0905006460395995
"605",84150000,-1.64782815077452,0.282307217912585,20,0.0631258129791385,0.108874241244326
"606",84350000,-1.36020190200757,0.309335795201946,20,0.0691695865945506,0.11929804785491
"607",84550000,-0.971572479562132,0.262467282247644,20,0.0586894684975355,0.101222796985024
"608",84750000,-0.826120440814898,0.153889363297815,20,0.0344107077348075,0.059348775382038
"609",84950000,-0.800511682576093,0.159051087165783,20,0.0355649042797935,0.0613394392190915
"610",85150000,-0.920941584442925,0.178806936461035,20,0.0399824464775361,0.0689584548364104
"611",85350000,-0.873934492077405,0.205256902248473,20,0.0458968386278616,0.0791591148738644
"612",85550000,-1.17080353465088,0.221092906859266,20,0.0494378769080348,0.0852664081945599
"613",85750000,-1.63905251438722,0.197768767756641,19,0.0453712669915666,0.0784529464554142
"614",85950000,-1.54199283558128,0.254547945910475,19,0.0583973038162957,0.100976694133139
"615",86150000,-1.63533460561654,0.247910268288398,19,0.0568745161334307,0.0983435919857166
"616",86350000,-1.72753216274309,0.209471778202035,19,0.0480561217213914,0.0830954168629226
"617",86550000,-1.72613323560936,0.196178068359809,19,0.0450063355220748,0.0778219314775592
"618",86750000,-1.72649412169613,0.183541977587435,19,0.0421074174842755,0.0728093171804893
"619",86950000,-1.53805608789217,0.185406715215417,19,0.0425352176356752,0.0735490404590484
"620",87150000,-1.52824390974044,0.198880722552325,19,0.0456263669170492,0.0788940481067829
"621",87350000,-1.52652225113008,0.18968818046958,18,0.0447099329069925,0.0775298675083276
"622",87550000,-1.51872143533595,0.196520127943765,18,0.0463202383695613,0.0803222396065055
"623",87750000,-1.50417386169283,0.210382359655602,18,0.0495875977181679,0.0859880485426658
"624",87950000,-1.40877864786055,0.304157602979256,18,0.0716906345386924,0.124316120288865
"625",88150000,-1.27215919121118,0.252582133108283,18,0.0595341797091434,0.103236054383454
"626",88350000,-0.882707722167321,0.270209151105473,18,0.0636889076951134,0.11044061697932
"627",88550000,-1.00006693179439,0.155680178480021,18,0.0366941699665183,0.0636300247139777
"628",88750000,-1.05074399745592,0.141849694641822,18,0.0334342936634911,0.0579771918548232
"629",88950000,-0.88030524379497,0.178758653637683,18,0.042133818727661,0.0730627216634574
"630",89150000,-1.2743301831398,0.216191233662461,18,0.0509567624519372,0.0883622672789593
"631",89350000,-1.58482323655053,0.22743967152223,19,0.0521782391535519,0.0902231053678155
"632",89550000,-1.58134103020652,0.179679380483557,19,0.041221276935043,0.0712770624811919
"633",89750000,-1.60489219977257,0.171455183037068,19,0.0393345166423604,0.0680146033516386
"634",89950000,-1.61763212530512,0.150355549704189,19,0.0344939287768982,0.0596445840464158
"635",90150000,-1.6304017291222,0.15502704363884,19,0.035565642986188,0.0614977202502725
"636",90350000,-1.64330239212232,0.155842552748899,19,0.0357527336071503,0.0618212247817064
"637",90550000,-1.6569967320104,0.144337393058327,19,0.0331132689534398,0.0572572398441246
"638",90750000,-1.66915441207463,0.17136943811047,19,0.0393148454070992,0.0679805891733055
"639",90950000,-1.68225901499478,0.193054658305285,19,0.0442897761122375,0.0765829050906053
"640",91150000,-1.69565279822588,0.2388155437302,19,0.054788043224561,0.0947358032186395
"641",91350000,-1.69910709750791,0.293459993385884,20,0.0656196493887474,0.113175406394839
"642",91550000,-1.41373408312329,0.30467171270187,20,0.0681266660422667,0.117499303752469
"643",91750000,-1.2568015304718,0.292121161446152,20,0.0653202774659786,0.112659074178221
"644",91950000,-0.945084489593361,0.245814288863745,20,0.0549657459740103,0.0948004248171253
"645",92150000,-0.509490104429861,0.207629581255347,20,0.0464273857826772,0.0800741592305045
"646",92350000,-0.53466520349902,0.233159012798304,20,0.052135940218375,0.089919807206459
"647",92550000,-0.845776294083813,0.312418257192214,19,0.0716736637483136,0.123933283709159
"648",92750000,-1.12721726391288,0.386007986452595,19,0.0885563054919199,0.153125613493189
"649",92950000,-1.37095404737975,0.369606629839457,18,0.0871171181103289,0.151066624028523
"650",93150000,-1.55378565100669,0.3184362724451,18,0.0750561492072325,0.130152136793118
"651",93350000,-1.62816536761316,0.280506128786074,17,0.0680327292716525,0.118350193434211
"652",93550000,-1.68400601853601,0.239325886315571,16,0.0598314715788927,0.104458789557175
"653",93750000,-1.71326023755456,0.210772742214776,16,0.052693185553694,0.0919961725091898
"654",93950000,-1.70200324593753,0.173534052835584,15,0.0448062997754731,0.0785476997586611
"655",94150000,-1.70565072287967,0.28324410540371,15,0.0731333135426657,0.128206381318947
"656",94350000,-1.64778429733335,0.326078665847586,14,0.0871481891955722,0.153494988944589
"657",94550000,-1.50314158795888,0.421899624452827,14,0.112757417593648,0.198600782491494
"658",94750000,-1.17607552868156,0.415917406914522,13,0.115354733614487,0.204285550143064
"659",94950000,-0.853999271270629,0.234534580679776,13,0.0650481889623369,0.115196010181867
"660",95150000,-0.934807418404024,0.193900974023201,13,0.0537784541694663,0.0952380604732573
"661",95450000,-1.37843595261549,0.254702084577398,14,0.0680719954418388,0.119895895534133
"662",95750000,-1.37840715168728,0.183620636605931,14,0.0490746793800511,0.086435730201987
"663",96050000,-1.37838834344428,0.188763847372893,14,0.0504492602770468,0.0888567934683082
"664",96350000,-1.37837487496297,0.171632070666324,15,0.0443152100910511,0.0776867948127083
"665",96650000,-1.3783649994077,0.1560967402646,15,0.0403040050294707,0.0706549503527489
"666",96950000,-1.37822567469428,0.145632341665073,15,0.037602108929201,0.0659183904331267
"667",97250000,-1.37813885311032,0.144345476768352,15,0.0372698418416131,0.0653359094970458
"668",97550000,-1.37811452162564,0.14378944227993,16,0.0359473605699825,0.0627599100243489
"669",97850000,-1.37808200326031,0.160322371478178,16,0.0400805928695446,0.0699760528264121
"670",98150000,-1.37803524110125,0.150927535194315,16,0.0377318837985789,0.0658754799990911
"671",98450000,-1.37796181390561,0.185254314120456,16,0.046313578530114,0.0808581207456642
"672",98750000,-1.37782968486145,0.187567308523995,17,0.0454917544092498,0.0791377619512862
"673",99050000,-1.3775210936879,0.177623348905452,17,0.0430799899478303,0.0749422402724921
"674",99350000,-1.37712765839069,0.171822347758352,17,0.041673040508782,0.072494701565076
"675",99650000,-1.3769094803858,0.16935656793276,18,0.0399177258745783,0.0692198756980416
"676",100250000,-0.974096872366824,0.0923688843418327,18,0.021771554829582,0.0377532608894564
"677",100550000,-0.88458881994238,0.113887540382041,18,0.0268435506989326,0.0465484243394119
"678",100850000,-0.834715006824387,0.125391272099322,18,0.0295550062676793,0.0512502607621359
"679",101150000,-1.1437819755629,0.163529587745981,19,0.0375162603822947,0.0648705967926051
"680",101450000,-1.16448846145718,0.186949784765308,19,0.0428892220688768,0.0741611611399213
"681",101750000,-1.26536258439823,0.163062721720296,19,0.0374091539703929,0.0646853955814613
"682",102050000,-1.32492086761371,0.157540773178708,19,0.036142332093329,0.062494892307477
"683",102350000,-1.43824949699716,0.160009503197653,19,0.0367086976023536,0.0634742134924455
"684",102650000,-1.51860085451498,0.1118991328615,20,0.0250214067701594,0.0431548767200356
"685",102950000,-1.52815308610969,0.0975237108811024,20,0.0218069646948181,0.0376108698318823
"686",103250000,-1.50605432910345,0.094640850050539,20,0.021162337416137,0.0364990694044566
"687",103550000,-1.51810256851956,0.0675542324541857,20,0.0151055855935382,0.0260528790431767
"688",103850000,-1.5295840462107,0.0497033320154661,20,0.0111140029094824,0.019168523569859
"689",104150000,-1.54293780506788,0.0523069647317664,21,0.0114143154884145,0.019641102367145
"690",104450000,-1.55021341150192,0.0492723093014494,21,0.0107520993828175,0.0185015987033113
"691",104750000,-1.53329758253096,0.0641775343397701,21,0.0140046861441726,0.0240984642886928
"692",105050000,-1.51706348008437,0.0802573917311851,21,0.0175135986994228,0.0301364006647271
"693",105350000,-1.51371224856378,0.0770965715358432,22,0.0164370442800033,0.0282247781168467
"694",105650000,-1.49123741051784,0.121330748860801,22,0.0258678025730855,0.0444187516659525
"695",105950000,-1.46824161582121,0.136757358913725,22,0.0291567668873075,0.0500663782356562
"696",106250000,-1.41372471885329,0.182317233977013,22,0.0388701648878727,0.066745684968443
"697",106550000,-1.2991336554971,0.253528168146003,22,0.0540523870650535,0.0928157523705801
"698",107150000,-0.984981655294639,0.21107265858229,23,0.0440116917277552,0.0754303853401799
"699",107450000,-0.867275741797914,0.146484324935834,23,0.0305440931825415,0.0523486516464105
"700",107750000,-0.872941831611113,0.135808944545553,23,0.0283181224956258,0.0485336238645062
"701",108350000,-0.969303684572056,0.12851040908407,22,0.0273985112758763,0.0470471995037646
"702",108650000,-1.0568098480464,0.12527946532613,22,0.0267096717521787,0.0458643625907966
"703",109250000,-1.18010063046601,0.116182508110716,21,0.0253531018022466,0.0436261699904828
"704",109550000,-1.14946047293443,0.105725756976778,20,0.0236409979572699,0.0407740604577564
"705",109850000,-1.19444446194961,0.139821093429256,20,0.0312649469596165,0.0539232243852014
"706",110150000,-1.24864580464121,0.134911608705591,19,0.0309508457188511,0.0535181228768012
"707",110450000,-1.30036248974385,0.145648441493514,18,0.0343296668831054,0.0595298259692964
"708",110750000,-1.35074100346723,0.146045027453435,18,0.0344231430902998,0.0596919196582769
"709",111050000,-1.39974088459313,0.137333017147955,17,0.0333081491521047,0.0579430802981131
"710",111350000,-1.44799285265326,0.103229096699626,16,0.0258072741749066,0.045056498711155
"711",111650000,-1.49337078794116,0.129280179902242,15,0.033379998917072,0.0585168189745908
"712",111950000,-1.53616985485357,0.118431296367208,15,0.03057882923333,0.0536062274641517
"713",112250000,-1.57438634406182,0.0965355858767576,14,0.0258002205701657,0.0454421899954608
"714",112550000,-1.60864806692604,0.0866284413319812,13,0.0240264067027679,0.0425491660154945
"715",112850000,-1.63966153910706,0.0875783839213132,13,0.0242898733731205,0.0430157479407513
"716",113150000,-1.66536135562435,0.0740154359706776,12,0.0213664159409291,0.0380810972403452
"717",113450000,-1.68679569833261,0.0843450366244181,11,0.025430985401089,0.0456711206064999
"718",113750000,-1.69862947068221,0.0558235122599992,11,0.0168314222405656,0.0302272956790294
"719",114050000,-1.69461878124641,0.0389069505622682,10,0.0123034580588336,0.02229953940778
"720",114350000,-1.69333309134268,0.0570846974441864,9,0.0190282324813955,0.0348808990472355
"721",114650000,-1.68341056068365,0.122768699987258,9,0.0409228999957528,0.0750162972240123
"722",115250000,-1.6106765598684,0.292616294062619,8,0.103455482908677,0.192380440214642
"723",115550000,-1.54486638162172,0.245037011341549,7,0.0926152848594646,0.175466937199058
"724",115850000,-1.45009359965605,0.17759617145103,6,0.07250333338781,0.140887047710819
"725",116150000,-1.31118159519238,0.13535372365798,6,0.0552579262912886,0.1073761127114
"726",116450000,-1.09004756419062,0.180036700647841,5,0.0805148602186708,0.162241338112768
"727",116750000,-0.775512212895798,0.103268970064726,4,0.0516344850323631,0.110076810979875
"728",117050000,-0.776810482646015,0.109913532638637,4,0.0549567663193183,0.117159405664743
"729",117350000,-0.833826193914688,0.0747782235580444,3,0.0431732275007589,0.101602294962667
"730",117650000,-0.8854009430449,0.0757592941446145,2,0.0535699106275632,0.156423366573322
"731",117950000,-0.939473610718932,0.068263540342916,2,0.0482696122842774,0.140946571839355
"732",118250000,-0.992103258072201,NA,1,NA,NA
"733",118850000,-1.1057882425854,NA,1,NA,NA
